fecha,apodo,etapa,tipo,nivel,resultado,intentos,pistas,diagnostico,relacional,andamiaje,segundos,puntos
2026-09-01T12:10:13.363Z,Lince Alegre 70,1-1,inclinacion,1,perfecto,1,0,,0,0,13.4,10
2026-09-01T12:10:24.458Z,Lince Alegre 70,1-1,inclinacion,1,perfecto,1,0,,0,0,11.1,10
2026-09-01T12:10:43.824Z,Lince Alegre 70,1-1,inclinacion,2,perfecto,1,0,,0,0,19.4,30
2026-09-01T12:10:52.811Z,Lince Alegre 70,1-1,inclinacion,2,perfecto,1,0,,0,0,9.0,30
2026-09-01T12:11:01.893Z,Lince Alegre 70,1-1,inclinacion,3,fallido,1,0,direccion_opuesta,0,0,9.1,0
2026-09-01T12:11:04.992Z,Lince Alegre 70,1-1,inclinacion,3,perfecto,1,0,,0,0,3.1,30
2026-09-01T12:11:29.129Z,Lince Alegre 70,1-1,inclinacion,3,fallido,1,0,direccion_opuesta,0,0,24.1,0
2026-09-01T12:11:32.186Z,Lince Alegre 70,1-1,inclinacion,3,fallido,1,0,direccion_opuesta,0,0,3.1,0
2026-09-01T12:11:43.472Z,Lince Alegre 70,1-1,inclinacion,2,logrado,1,0,,0,1,11.3,12
2026-09-01T12:12:10.024Z,Lince Alegre 70,1-1,inclinacion,2,fallido,1,0,direccion_opuesta,0,0,26.6,0
2026-09-01T12:12:35.641Z,Lince Alegre 70,1-1,inclinacion,2,perfecto,1,0,,0,0,25.6,20
2026-09-01T12:12:40.720Z,Lince Alegre 70,1-1,inclinacion,2,perfecto,1,0,,0,0,5.1,20
2026-09-01T12:13:05.222Z,Lince Alegre 70,1-1,inclinacion,3,perfecto,1,0,,0,0,24.5,45
2026-09-01T12:13:09.174Z,Lince Alegre 70,1-1,inclinacion,3,perfecto,1,0,,0,0,4.0,45
2026-09-03T12:23:15.864Z,Lince Alegre 70,1-2,equilibrar,1,perfecto,1,0,,0,0,6.7,20
2026-09-03T12:23:43.591Z,Lince Alegre 70,1-2,equilibrar,1,perfecto,1,0,,0,0,27.7,20
2026-09-03T12:24:06.447Z,Lince Alegre 70,1-2,equilibrar,2,logrado,2,0,resultado_del_otro_lado,0,0,22.9,24
2026-09-03T12:24:39.720Z,Lince Alegre 70,1-2,equilibrar,2,logrado,2,0,muy_liviana,0,0,33.3,24
2026-09-03T12:25:23.389Z,Lince Alegre 70,1-2,equilibrar,3,logrado,2,0,muy_liviana,0,0,43.7,36
2026-09-03T12:26:29.978Z,Lince Alegre 70,1-2,equilibrar,3,con_ayuda,3,0,muy_liviana,0,0,66.6,8
2026-09-03T12:26:44.453Z,Lince Alegre 70,1-2,equilibrar,3,perfecto,1,0,,0,0,14.5,30
2026-09-03T12:27:23.141Z,Lince Alegre 70,1-2,equilibrar,3,con_ayuda,3,0,muy_liviana,0,0,38.7,8
2026-09-03T12:27:45.284Z,Lince Alegre 70,1-2,equilibrar,3,perfecto,1,0,,0,0,22.1,30
2026-09-03T12:27:56.938Z,Lince Alegre 70,1-2,equilibrar,3,perfecto,1,0,,0,0,11.7,30
2026-09-03T12:28:25.639Z,Lince Alegre 70,1-2,equilibrar,4,logrado,2,0,muy_liviana,0,0,28.7,36
2026-09-03T12:28:43.104Z,Lince Alegre 70,1-2,equilibrar,4,perfecto,1,0,,0,0,17.5,60
2026-09-03T12:38:52.652Z,Lince Alegre 70,1-3,patron_numerico,1,con_ayuda,2,0,generico,0,0,9.5,3
2026-09-03T12:39:07.128Z,Lince Alegre 70,1-3,patron_numerico,1,perfecto,1,0,,0,0,14.5,10
2026-09-03T12:39:30.895Z,Lince Alegre 70,1-3,patron_figuras,1,logrado,1,1,,0,0,23.8,6
2026-09-03T12:39:48.679Z,Lince Alegre 70,1-3,patron_figuras,2,perfecto,1,0,,0,0,17.8,30
2026-09-03T12:40:04.210Z,Lince Alegre 70,1-3,patron_numerico,2,perfecto,1,0,,0,0,15.5,30
2026-09-03T12:40:29.939Z,Lince Alegre 70,1-3,patron_numerico,3,fallido,2,0,generico,0,0,25.7,0
2026-09-03T12:40:42.381Z,Lince Alegre 70,1-3,patron_numerico,3,perfecto,1,0,,0,0,12.4,30
2026-09-03T12:40:53.744Z,Lince Alegre 70,1-3,patron_numerico,3,perfecto,1,0,,0,0,11.4,30
2026-09-03T12:41:20.080Z,Lince Alegre 70,1-3,patron_figuras,4,fallido,1,0,patron_nucleo_largo,0,0,26.3,0
2026-09-03T12:41:49.378Z,Lince Alegre 70,1-3,patron_numerico,4,con_ayuda,2,0,generico,0,0,29.3,10
2026-09-03T12:42:13.224Z,Lince Alegre 70,1-3,patron_figuras,4,fallido,1,0,patron_nucleo_largo,0,0,23.8,0
2026-09-03T12:42:24.966Z,Lince Alegre 70,1-3,patron_numerico,3,logrado,1,0,,0,1,11.7,18
2026-09-03T12:42:38.796Z,Lince Alegre 70,1-3,patron_figuras,3,fallido,1,0,patron_posicion,0,0,13.8,0
2026-09-03T12:42:42.206Z,Lince Alegre 70,1-3,patron_figuras,3,fallido,1,0,generico,0,0,3.4,0
2026-09-03T12:43:05.139Z,Lince Alegre 70,1-3,patron_figuras,2,logrado,1,0,,0,1,22.9,12
2026-09-03T12:43:20.136Z,Lince Alegre 70,1-3,patron_figuras,2,fallido,1,0,generico,0,0,15.0,0
2026-09-03T12:43:46.291Z,Lince Alegre 70,1-3,patron_figuras,2,fallido,1,0,patron_repite_ultimo,0,0,26.2,0
2026-09-03T12:44:04.941Z,Lince Alegre 70,1-3,patron_numerico,1,logrado,1,0,,0,1,18.6,6
2026-09-03T12:44:12.830Z,Lince Alegre 70,1-3,patron_figuras,1,perfecto,1,0,,0,0,7.9,10
2026-09-03T12:54:16.015Z,Lince Alegre 70,1-4,registrar,1,perfecto,1,0,,0,0,3.2,15
2026-09-03T12:54:38.439Z,Lince Alegre 70,1-4,registrar,1,perfecto,1,0,,0,0,22.4,15
2026-09-03T12:55:00.246Z,Lince Alegre 70,1-4,registrar,2,perfecto,1,0,,0,0,21.8,40
2026-09-03T12:55:34.418Z,Lince Alegre 70,1-4,registrar,2,con_ayuda,2,0,generico,0,0,34.2,5
2026-09-03T12:55:57.814Z,Lince Alegre 70,1-4,registrar,2,con_ayuda,2,0,generico,0,0,23.4,5
2026-09-03T12:56:15.473Z,Lince Alegre 70,1-4,registrar,2,perfecto,1,0,,0,0,17.7,20
2026-09-03T12:56:26.058Z,Lince Alegre 70,1-4,registrar,2,perfecto,1,0,,0,0,10.6,20
2026-09-03T12:56:53.616Z,Lince Alegre 70,1-4,registrar,3,con_ayuda,2,0,generico,0,0,27.6,8
2026-09-03T12:57:08.061Z,Lince Alegre 70,1-4,registrar,3,perfecto,1,0,,0,0,14.4,30
2026-09-03T12:57:12.202Z,Lince Alegre 70,1-4,registrar,3,perfecto,1,0,,0,0,4.1,30
2026-09-03T12:57:34.825Z,Lince Alegre 70,1-4,registrar,4,con_ayuda,2,0,generico,0,0,22.6,10
2026-09-03T12:57:41.838Z,Lince Alegre 70,1-4,registrar,4,perfecto,1,0,,0,0,7.0,40
2026-09-03T12:58:01.148Z,Lince Alegre 70,1-4,registrar,4,perfecto,1,0,,0,0,19.3,40
2026-09-03T12:58:17.117Z,Lince Alegre 70,1-4,registrar,5,perfecto,1,0,,0,0,16.0,75
2026-09-03T13:08:46.589Z,Lince Alegre 70,1-J,patron_numerico,3,fallido,2,0,generico,0,0,29.5,0
2026-09-03T13:09:05.057Z,Lince Alegre 70,1-J,registrar,3,perfecto,1,0,,0,0,18.5,30
2026-09-03T13:09:26.691Z,Lince Alegre 70,1-J,equilibrar,3,perfecto,1,0,,0,0,21.6,30
2026-09-03T13:09:52.388Z,Lince Alegre 70,1-J,registrar,4,con_ayuda,2,0,generico,0,0,25.7,10
2026-09-03T13:10:09.847Z,Lince Alegre 70,1-J,patron_numerico,4,perfecto,1,0,,0,0,17.5,40
2026-09-03T13:11:02.836Z,Lince Alegre 70,1-J,registrar,4,fallido,2,1,generico,0,0,53.0,0
2026-09-03T13:11:09.589Z,Lince Alegre 70,1-J,patron_numerico,4,perfecto,1,0,,0,0,6.8,40
2026-09-03T13:11:18.723Z,Lince Alegre 70,1-J,inclinacion,4,perfecto,1,0,,0,0,9.1,40
2026-09-03T13:12:20.829Z,Lince Alegre 70,1-J,equilibrar,5,con_ayuda,3,0,muy_liviana,0,0,62.1,13
2026-09-03T13:13:02.337Z,Lince Alegre 70,1-J,patron_numerico,5,con_ayuda,2,0,generico,1,0,41.5,13
2026-09-03T13:13:13.050Z,Lince Alegre 70,1-J,inclinacion,5,perfecto,1,0,,1,0,10.7,50
2026-09-03T13:23:23.972Z,Pudú Estelar 19,1-1,inclinacion,1,perfecto,1,0,,0,0,10.9,10
2026-09-03T13:23:37.536Z,Pudú Estelar 19,1-1,inclinacion,1,perfecto,1,0,,0,0,13.6,10
2026-09-03T13:24:03.545Z,Pudú Estelar 19,1-1,inclinacion,2,perfecto,1,0,,0,0,26.0,30
2026-09-03T13:24:08.442Z,Pudú Estelar 19,1-1,inclinacion,2,perfecto,1,0,,0,0,4.9,30
2026-09-03T13:24:24.807Z,Pudú Estelar 19,1-1,inclinacion,3,fallido,1,0,desequilibrio_falso,0,0,16.4,0
2026-09-03T13:24:36.940Z,Pudú Estelar 19,1-1,inclinacion,3,fallido,1,0,direccion_opuesta,0,0,12.1,0
2026-09-03T13:24:45.722Z,Pudú Estelar 19,1-1,inclinacion,2,logrado,1,0,,0,1,8.8,12
2026-09-03T13:25:07.226Z,Pudú Estelar 19,1-1,inclinacion,2,perfecto,1,0,,0,0,21.5,20
2026-09-03T13:25:12.680Z,Pudú Estelar 19,1-1,inclinacion,3,perfecto,1,0,,0,0,5.5,45
2026-09-03T13:25:31.937Z,Pudú Estelar 19,1-1,inclinacion,3,perfecto,1,0,,0,0,19.3,45
2026-09-03T13:25:56.985Z,Pudú Estelar 19,1-1,inclinacion,4,fallido,1,0,direccion_opuesta,0,0,25.0,0
2026-09-03T13:26:01.542Z,Pudú Estelar 19,1-1,inclinacion,4,perfecto,1,0,,0,0,4.6,40
2026-09-03T13:26:07.145Z,Pudú Estelar 19,1-1,inclinacion,4,fallido,1,0,direccion_opuesta,0,0,5.6,0
2026-09-03T13:26:34.711Z,Pudú Estelar 19,1-1,inclinacion,4,perfecto,1,0,,0,0,27.6,40
2026-09-03T13:37:10.085Z,Pudú Estelar 19,1-2,equilibrar,1,logrado,2,0,muy_liviana,0,0,35.4,6
2026-09-03T13:37:18.895Z,Pudú Estelar 19,1-2,equilibrar,1,perfecto,1,0,,0,0,8.8,15
2026-09-03T13:37:22.886Z,Pudú Estelar 19,1-2,equilibrar,2,perfecto,1,0,,0,0,4.0,30
2026-09-03T13:37:39.811Z,Pudú Estelar 19,1-2,equilibrar,2,perfecto,1,0,,0,0,16.9,40
2026-09-03T13:38:03.560Z,Pudú Estelar 19,1-2,equilibrar,3,perfecto,1,0,,0,0,23.7,60
2026-09-03T13:38:12.148Z,Pudú Estelar 19,1-2,equilibrar,3,perfecto,1,0,,0,0,8.6,60
2026-09-03T13:38:25.905Z,Pudú Estelar 19,1-2,equilibrar,4,perfecto,1,0,,0,0,13.8,80
2026-09-03T13:38:38.349Z,Pudú Estelar 19,1-2,equilibrar,4,perfecto,1,0,,0,0,12.4,80
2026-09-03T13:39:20.531Z,Pudú Estelar 19,1-2,equilibrar,5,con_ayuda,3,0,resultado_del_otro_lado,0,0,42.2,13
2026-09-03T13:39:30.018Z,Pudú Estelar 19,1-2,equilibrar,5,perfecto,1,0,,0,0,9.5,50
2026-09-03T13:40:38.354Z,Pudú Estelar 19,1-2,equilibrar,5,con_ayuda,3,0,resultado_del_otro_lado,0,0,68.3,13
2026-09-03T13:40:52.982Z,Pudú Estelar 19,1-2,equilibrar,5,perfecto,1,0,,0,0,14.6,50
2026-09-04T13:51:00.859Z,Pudú Estelar 19,1-3,patron_figuras,1,fallido,1,0,patron_repite_ultimo,0,0,7.9,0
2026-09-04T13:51:16.252Z,Pudú Estelar 19,1-3,patron_numerico,1,perfecto,1,0,,0,0,15.4,10
2026-09-04T13:51:39.904Z,Pudú Estelar 19,1-3,patron_figuras,1,fallido,1,0,patron_repite_ultimo,0,0,23.7,0
2026-09-04T13:51:46.669Z,Pudú Estelar 19,1-3,patron_numerico,1,perfecto,1,0,,0,0,6.8,10
2026-09-04T13:51:52.747Z,Pudú Estelar 19,1-3,patron_figuras,1,perfecto,1,0,,0,0,6.1,10
2026-09-04T13:52:20.584Z,Pudú Estelar 19,1-3,patron_numerico,2,perfecto,1,0,,0,0,27.8,30
2026-09-04T13:52:37.991Z,Pudú Estelar 19,1-3,patron_figuras,2,perfecto,1,0,,0,0,17.4,30
2026-09-04T13:52:53.324Z,Pudú Estelar 19,1-3,patron_figuras,3,perfecto,1,0,,0,0,15.3,60
2026-09-04T13:53:23.099Z,Pudú Estelar 19,1-3,patron_numerico,3,con_ayuda,2,0,generico,0,0,29.8,8
2026-09-04T13:53:36.624Z,Pudú Estelar 19,1-3,patron_numerico,3,fallido,2,0,generico,0,0,13.5,0
2026-09-04T13:53:55.847Z,Pudú Estelar 19,1-3,patron_numerico,3,perfecto,1,0,,0,0,19.2,30
2026-09-04T13:54:02.329Z,Pudú Estelar 19,1-3,patron_numerico,3,perfecto,1,0,,0,0,6.5,30
2026-09-04T13:54:12.298Z,Pudú Estelar 19,1-3,patron_numerico,4,perfecto,1,0,,0,0,10.0,60
2026-09-04T13:54:17.606Z,Pudú Estelar 19,1-3,patron_numerico,4,perfecto,1,0,,0,0,5.3,60
2026-09-04T14:04:34.034Z,Pudú Estelar 19,1-4,registrar,1,perfecto,1,0,,0,0,16.4,20
2026-09-04T14:05:00.016Z,Pudú Estelar 19,1-4,registrar,1,perfecto,1,0,,0,0,26.0,20
2026-09-04T14:05:21.979Z,Pudú Estelar 19,1-4,registrar,2,perfecto,1,0,,0,0,22.0,40
2026-09-04T14:06:07.705Z,Pudú Estelar 19,1-4,registrar,2,con_ayuda,2,0,generico,0,0,45.7,5
2026-09-04T14:06:16.152Z,Pudú Estelar 19,1-4,registrar,2,perfecto,1,0,,0,0,8.4,20
2026-09-04T14:06:19.912Z,Pudú Estelar 19,1-4,registrar,2,perfecto,1,0,,0,0,3.8,20
2026-09-04T14:06:39.293Z,Pudú Estelar 19,1-4,registrar,3,con_ayuda,2,0,generico,0,0,19.4,8
2026-09-04T14:07:19.599Z,Pudú Estelar 19,1-4,registrar,3,con_ayuda,2,0,generico,0,0,40.3,8
2026-09-04T14:07:28.728Z,Pudú Estelar 19,1-4,registrar,3,perfecto,1,0,,0,0,9.1,30
2026-09-04T14:07:51.167Z,Pudú Estelar 19,1-4,registrar,3,perfecto,1,0,,0,0,22.4,30
2026-09-04T14:08:26.191Z,Pudú Estelar 19,1-4,registrar,4,con_ayuda,2,0,generico,0,0,35.0,10
2026-09-04T14:08:44.167Z,Pudú Estelar 19,1-4,registrar,4,perfecto,1,0,,0,0,18.0,40
2026-09-04T14:09:00.169Z,Pudú Estelar 19,1-4,registrar,4,perfecto,1,0,,0,0,16.0,40
2026-09-04T14:09:23.796Z,Pudú Estelar 19,1-4,registrar,5,con_ayuda,2,0,generico,0,0,23.6,13
2026-09-04T14:09:43.466Z,Pudú Estelar 19,1-4,registrar,5,perfecto,1,0,,0,0,19.7,50
2026-09-04T14:20:01.766Z,Pudú Estelar 19,1-J,registrar,3,perfecto,1,0,,0,0,18.3,30
2026-09-04T14:20:25.599Z,Pudú Estelar 19,1-J,equilibrar,3,perfecto,1,0,,0,0,23.8,45
2026-09-04T14:20:39.244Z,Pudú Estelar 19,1-J,registrar,4,perfecto,1,0,,0,0,13.6,60
2026-09-04T14:21:06.510Z,Pudú Estelar 19,1-J,inclinacion,4,perfecto,1,0,,0,0,27.3,80
2026-09-04T14:21:33.611Z,Pudú Estelar 19,1-J,equilibrar,5,perfecto,1,0,,0,0,27.1,100
2026-09-04T14:31:47.512Z,Pingüino Alegre 10,1-1,inclinacion,1,perfecto,1,0,,0,0,13.9,10
2026-09-04T14:32:13.164Z,Pingüino Alegre 10,1-1,inclinacion,1,perfecto,1,0,,0,0,25.7,10
2026-09-04T14:32:20.081Z,Pingüino Alegre 10,1-1,inclinacion,2,perfecto,1,0,,0,0,6.9,30
2026-09-04T14:32:29.097Z,Pingüino Alegre 10,1-1,inclinacion,2,perfecto,1,0,,0,0,9.0,30
2026-09-04T14:32:47.047Z,Pingüino Alegre 10,1-1,inclinacion,3,perfecto,1,0,,0,0,17.9,60
2026-09-04T14:33:00.966Z,Pingüino Alegre 10,1-1,inclinacion,3,fallido,1,0,desequilibrio_falso,0,0,13.9,0
2026-09-04T14:33:16.987Z,Pingüino Alegre 10,1-1,inclinacion,3,perfecto,1,0,,0,0,16.0,30
2026-09-04T14:33:20.122Z,Pingüino Alegre 10,1-1,inclinacion,3,fallido,1,0,desequilibrio_falso,0,0,3.1,0
2026-09-04T14:33:46.372Z,Pingüino Alegre 10,1-1,inclinacion,3,perfecto,1,0,,0,0,26.3,30
2026-09-04T14:33:57.570Z,Pingüino Alegre 10,1-1,inclinacion,3,perfecto,1,0,,0,0,11.2,30
2026-09-04T14:34:21.075Z,Pingüino Alegre 10,1-1,inclinacion,4,perfecto,1,0,,0,0,23.5,60
2026-09-04T14:34:28.462Z,Pingüino Alegre 10,1-1,inclinacion,4,perfecto,1,0,,0,0,7.4,60
2026-09-04T14:44:57.684Z,Pingüino Alegre 10,1-2,equilibrar,1,logrado,2,0,muy_liviana,0,0,29.2,12
2026-09-04T14:45:20.030Z,Pingüino Alegre 10,1-2,equilibrar,1,perfecto,1,0,,0,0,22.3,20
2026-09-04T14:45:30.487Z,Pingüino Alegre 10,1-2,equilibrar,2,perfecto,1,0,,0,0,10.5,40
2026-09-04T14:45:33.977Z,Pingüino Alegre 10,1-2,equilibrar,2,perfecto,1,0,,0,0,3.5,40
2026-09-04T14:45:42.386Z,Pingüino Alegre 10,1-2,equilibrar,3,perfecto,1,0,,0,0,8.4,60
2026-09-04T14:45:51.530Z,Pingüino Alegre 10,1-2,equilibrar,3,perfecto,1,0,,0,0,9.1,90
2026-09-04T14:46:00.593Z,Pingüino Alegre 10,1-2,equilibrar,4,perfecto,1,0,,0,0,9.1,120
2026-09-04T14:46:10.340Z,Pingüino Alegre 10,1-2,equilibrar,4,perfecto,1,0,,0,0,9.7,120
2026-09-04T14:46:30.540Z,Pingüino Alegre 10,1-2,equilibrar,5,logrado,2,0,muy_liviana,0,0,20.2,90
2026-09-04T14:47:13.527Z,Pingüino Alegre 10,1-2,equilibrar,5,con_ayuda,3,0,muy_liviana,0,0,43.0,13
2026-09-04T14:47:34.529Z,Pingüino Alegre 10,1-2,equilibrar,5,logrado,2,0,muy_liviana,0,0,21.0,30
2026-09-07T14:57:50.900Z,Pingüino Alegre 10,1-3,patron_numerico,1,perfecto,1,0,,0,0,16.4,10
2026-09-07T14:58:11.575Z,Pingüino Alegre 10,1-3,patron_figuras,1,perfecto,1,0,,0,0,20.7,15
2026-09-07T14:58:37.362Z,Pingüino Alegre 10,1-3,patron_figuras,2,perfecto,1,0,,0,0,25.8,30
2026-09-07T14:58:50.613Z,Pingüino Alegre 10,1-3,patron_figuras,2,perfecto,1,0,,0,0,13.3,40
2026-09-07T14:59:03.293Z,Pingüino Alegre 10,1-3,patron_figuras,3,fallido,1,0,patron_posicion,0,0,12.7,0
2026-09-07T14:59:11.786Z,Pingüino Alegre 10,1-3,patron_figuras,3,perfecto,1,0,,0,0,8.5,30
2026-09-07T14:59:34.332Z,Pingüino Alegre 10,1-3,patron_numerico,3,perfecto,1,0,,0,0,22.5,30
2026-09-07T14:59:55.039Z,Pingüino Alegre 10,1-3,patron_figuras,4,perfecto,1,0,,0,0,20.7,60
2026-09-07T15:00:04.491Z,Pingüino Alegre 10,1-3,patron_figuras,4,perfecto,1,0,,0,0,9.5,60
2026-09-07T15:00:29.609Z,Pingüino Alegre 10,1-3,patron_figuras,5,fallido,1,0,generico,0,0,25.1,0
2026-09-07T15:01:07.837Z,Pingüino Alegre 10,1-3,patron_numerico,5,con_ayuda,2,0,generico,1,0,38.2,13
2026-09-07T15:01:15.136Z,Pingüino Alegre 10,1-3,patron_figuras,5,perfecto,1,0,,0,0,7.3,50
2026-09-07T15:01:35.138Z,Pingüino Alegre 10,1-3,patron_figuras,5,perfecto,1,0,,0,0,20.0,50
2026-09-08T15:11:43.850Z,Pingüino Alegre 10,1-4,registrar,1,perfecto,1,0,,0,0,8.7,15
2026-09-08T15:11:51.537Z,Pingüino Alegre 10,1-4,registrar,1,perfecto,1,0,,0,0,7.7,15
2026-09-08T15:12:15.997Z,Pingüino Alegre 10,1-4,registrar,2,perfecto,1,0,,0,0,24.5,40
2026-09-08T15:12:26.244Z,Pingüino Alegre 10,1-4,registrar,2,con_ayuda,2,0,generico,0,0,10.2,5
2026-09-08T15:12:30.588Z,Pingüino Alegre 10,1-4,registrar,2,perfecto,1,0,,0,0,4.3,20
2026-09-08T15:12:36.941Z,Pingüino Alegre 10,1-4,registrar,2,perfecto,1,0,,0,0,6.4,20
2026-09-08T15:12:58.177Z,Pingüino Alegre 10,1-4,registrar,3,perfecto,1,0,,0,0,21.2,45
2026-09-08T15:13:05.183Z,Pingüino Alegre 10,1-4,registrar,3,perfecto,1,0,,0,0,7.0,45
2026-09-08T15:13:19.686Z,Pingüino Alegre 10,1-4,registrar,4,perfecto,1,0,,0,0,14.5,80
2026-09-08T15:13:43.045Z,Pingüino Alegre 10,1-4,registrar,4,perfecto,1,0,,0,0,23.4,80
2026-09-08T15:14:16.841Z,Pingüino Alegre 10,1-4,registrar,5,fallido,2,0,generico,0,0,33.8,0
2026-09-08T15:14:35.610Z,Pingüino Alegre 10,1-4,registrar,5,con_ayuda,2,0,generico,0,0,18.8,13
2026-09-08T15:14:56.053Z,Pingüino Alegre 10,1-4,registrar,5,perfecto,1,0,,0,0,20.4,50
2026-09-08T15:25:08.367Z,Pingüino Alegre 10,1-J,inclinacion,3,perfecto,1,0,,0,0,12.3,30
2026-09-08T15:25:28.219Z,Pingüino Alegre 10,1-J,equilibrar,3,perfecto,1,0,,0,0,19.9,45
2026-09-08T15:25:42.174Z,Pingüino Alegre 10,1-J,registrar,4,perfecto,1,0,,0,0,14.0,60
2026-09-08T15:26:02.761Z,Pingüino Alegre 10,1-J,inclinacion,4,fallido,1,0,direccion_opuesta,0,0,20.6,0
2026-09-08T15:26:19.807Z,Pingüino Alegre 10,1-J,registrar,4,perfecto,1,0,,0,0,17.0,40
2026-09-08T15:26:37.966Z,Pingüino Alegre 10,1-J,inclinacion,4,perfecto,1,0,,0,0,18.2,40
2026-09-08T15:26:49.092Z,Pingüino Alegre 10,1-J,equilibrar,5,perfecto,1,0,,0,0,11.1,75
2026-09-08T15:37:08.451Z,Pudú Curioso 85,1-1,inclinacion,1,fallido,1,0,direccion_opuesta,0,0,19.4,0
2026-09-08T15:37:24.322Z,Pudú Curioso 85,1-1,inclinacion,1,fallido,1,1,desequilibrio_falso,0,0,15.9,0
2026-09-08T15:37:52.009Z,Pudú Curioso 85,1-1,inclinacion,1,fallido,1,0,direccion_opuesta,0,1,27.7,0
2026-09-08T15:38:03.921Z,Pudú Curioso 85,1-1,inclinacion,1,fallido,1,0,direccion_opuesta,0,1,11.9,0
2026-09-08T15:38:21.761Z,Pudú Curioso 85,1-1,inclinacion,1,fallido,1,0,direccion_opuesta,0,1,17.8,0
2026-09-08T15:38:28.383Z,Pudú Curioso 85,1-1,inclinacion,1,logrado,1,0,,0,1,6.6,6
2026-09-08T15:38:37.971Z,Pudú Curioso 85,1-1,inclinacion,1,fallido,1,0,direccion_opuesta,0,0,9.6,0
2026-09-08T15:38:42.797Z,Pudú Curioso 85,1-1,inclinacion,1,fallido,1,0,direccion_opuesta,0,0,4.8,0
2026-09-08T15:38:55.541Z,Pudú Curioso 85,1-1,inclinacion,1,fallido,1,0,direccion_opuesta,0,1,12.7,0
2026-09-08T15:39:21.941Z,Pudú Curioso 85,1-1,inclinacion,1,fallido,1,0,desequilibrio_falso,0,1,26.4,0
2026-09-08T15:39:42.660Z,Pudú Curioso 85,1-1,inclinacion,1,logrado,1,0,,0,1,20.7,6
2026-09-08T15:39:52.943Z,Pudú Curioso 85,1-1,inclinacion,1,perfecto,1,0,,0,0,10.3,10
2026-09-08T15:40:06.868Z,Pudú Curioso 85,1-1,inclinacion,2,fallido,1,0,direccion_opuesta,0,0,13.9,0
2026-09-08T15:40:16.976Z,Pudú Curioso 85,1-1,inclinacion,2,perfecto,1,0,,0,0,10.1,20
2026-09-08T15:40:44.356Z,Pudú Curioso 85,1-1,inclinacion,2,fallido,1,0,direccion_opuesta,0,0,27.4,0
2026-09-08T15:41:06.295Z,Pudú Curioso 85,1-1,inclinacion,2,perfecto,1,0,,0,0,21.9,20
2026-09-08T15:41:10.544Z,Pudú Curioso 85,1-1,inclinacion,2,fallido,1,0,desequilibrio_falso,0,0,4.2,0
2026-09-08T15:41:20.593Z,Pudú Curioso 85,1-1,inclinacion,2,fallido,1,0,direccion_opuesta,0,0,10.0,0
2026-09-08T15:41:28.588Z,Pudú Curioso 85,1-1,inclinacion,1,fallido,1,0,direccion_opuesta,0,1,8.0,0
2026-09-08T15:41:47.156Z,Pudú Curioso 85,1-1,inclinacion,1,fallido,1,0,direccion_opuesta,0,1,18.6,0
2026-09-08T15:42:08.847Z,Pudú Curioso 85,1-1,inclinacion,1,logrado,1,0,,0,1,21.7,6
2026-09-08T15:42:27.634Z,Pudú Curioso 85,1-1,inclinacion,1,fallido,1,0,desequilibrio_falso,0,0,18.8,0
2026-09-08T15:42:37.448Z,Pudú Curioso 85,1-1,inclinacion,1,fallido,1,0,direccion_opuesta,0,0,9.8,0
2026-09-08T15:42:59.916Z,Pudú Curioso 85,1-1,inclinacion,1,logrado,1,0,,0,1,22.5,6
2026-09-08T15:43:25.388Z,Pudú Curioso 85,1-1,inclinacion,1,fallido,1,0,desequilibrio_falso,0,0,25.5,0
2026-09-08T15:43:34.357Z,Pudú Curioso 85,1-1,inclinacion,1,fallido,1,0,direccion_opuesta,0,0,9.0,0
2026-09-08T15:43:41.058Z,Pudú Curioso 85,1-1,inclinacion,1,logrado,1,0,,0,1,6.7,6
2026-09-08T15:44:05.603Z,Pudú Curioso 85,1-1,inclinacion,1,fallido,1,0,direccion_opuesta,0,0,24.5,0
2026-09-08T15:44:09.674Z,Pudú Curioso 85,1-1,inclinacion,1,perfecto,1,0,,0,0,4.1,10
2026-09-08T15:44:21.111Z,Pudú Curioso 85,1-1,inclinacion,1,fallido,1,0,direccion_opuesta,0,0,11.4,0
2026-09-08T15:44:34.275Z,Pudú Curioso 85,1-1,inclinacion,1,fallido,1,0,direccion_opuesta,0,0,13.2,0
2026-09-08T15:44:56.797Z,Pudú Curioso 85,1-1,inclinacion,1,fallido,1,0,direccion_opuesta,0,1,22.5,0
2026-09-08T15:45:21.693Z,Pudú Curioso 85,1-1,inclinacion,1,fallido,1,0,direccion_opuesta,0,1,24.9,0
2026-09-08T15:45:28.902Z,Pudú Curioso 85,1-1,inclinacion,1,logrado,1,0,,0,1,7.2,6
2026-09-09T15:55:41.066Z,Pudú Curioso 85,1-2,equilibrar,1,perfecto,1,0,,0,0,12.2,10
2026-09-09T15:56:24.754Z,Pudú Curioso 85,1-2,equilibrar,1,con_ayuda,3,0,muy_liviana,0,0,43.7,3
2026-09-09T15:56:35.409Z,Pudú Curioso 85,1-2,equilibrar,1,perfecto,1,0,,0,0,10.7,10
2026-09-09T15:57:05.519Z,Pudú Curioso 85,1-2,equilibrar,1,con_ayuda,3,1,muy_liviana,0,0,30.1,3
2026-09-09T15:57:53.701Z,Pudú Curioso 85,1-2,equilibrar,1,con_ayuda,3,0,muy_liviana,0,0,48.2,3
2026-09-09T15:58:32.600Z,Pudú Curioso 85,1-2,equilibrar,1,logrado,2,0,muy_liviana,0,0,38.9,6
2026-09-09T15:58:41.625Z,Pudú Curioso 85,1-2,equilibrar,1,perfecto,1,0,,0,0,9.0,10
2026-09-09T15:59:39.708Z,Pudú Curioso 85,1-2,equilibrar,2,con_ayuda,3,0,muy_liviana,0,0,58.1,5
2026-09-09T16:00:18.384Z,Pudú Curioso 85,1-2,equilibrar,2,logrado,2,0,muy_liviana,0,0,38.7,12
2026-09-09T16:00:26.745Z,Pudú Curioso 85,1-2,equilibrar,2,logrado,2,0,muy_liviana,0,0,8.4,12
2026-09-09T16:01:11.883Z,Pudú Curioso 85,1-2,equilibrar,3,con_ayuda,3,0,muy_liviana,0,0,45.1,8
2026-09-09T16:01:37.437Z,Pudú Curioso 85,1-2,equilibrar,3,perfecto,1,0,,0,0,25.6,30
2026-09-09T16:02:45.726Z,Pudú Curioso 85,1-2,equilibrar,3,con_ayuda,3,0,muy_liviana,0,0,68.3,8
2026-09-09T16:03:00.005Z,Pudú Curioso 85,1-2,equilibrar,3,perfecto,1,0,,0,0,14.3,30
2026-09-09T16:03:21.700Z,Pudú Curioso 85,1-2,equilibrar,3,perfecto,1,0,,0,0,21.7,30
2026-09-09T16:04:05.686Z,Pudú Curioso 85,1-2,equilibrar,4,con_ayuda,3,0,muy_liviana,0,0,44.0,10
2026-09-09T16:04:41.131Z,Pudú Curioso 85,1-2,equilibrar,4,con_ayuda,3,0,muy_liviana,0,0,35.4,10
2026-09-09T16:05:40.283Z,Pudú Curioso 85,1-2,equilibrar,4,con_ayuda,3,0,muy_liviana,0,0,59.2,10
2026-09-09T16:06:24.623Z,Pudú Curioso 85,1-2,equilibrar,4,con_ayuda,3,0,muy_liviana,0,0,44.3,10
2026-09-09T16:06:29.900Z,Pudú Curioso 85,1-2,equilibrar,4,logrado,1,1,,0,0,5.3,24
2026-09-09T16:16:36.612Z,Pudú Curioso 85,1-3,patron_figuras,1,fallido,1,0,patron_repite_ultimo,0,0,6.7,0
2026-09-09T16:16:40.645Z,Pudú Curioso 85,1-3,patron_numerico,1,perfecto,1,0,,0,0,4.0,10
2026-09-09T16:17:03.431Z,Pudú Curioso 85,1-3,patron_figuras,1,fallido,1,0,generico,0,0,22.8,0
2026-09-09T16:17:18.303Z,Pudú Curioso 85,1-3,patron_numerico,1,perfecto,1,0,,0,0,14.9,10
2026-09-09T16:17:48.190Z,Pudú Curioso 85,1-3,patron_numerico,1,con_ayuda,2,0,generico,0,0,29.9,3
2026-09-09T16:17:57.655Z,Pudú Curioso 85,1-3,patron_figuras,1,fallido,1,0,generico,0,0,9.5,0
2026-09-09T16:18:08.486Z,Pudú Curioso 85,1-3,patron_figuras,1,perfecto,1,0,,0,0,10.8,10
2026-09-09T16:18:35.057Z,Pudú Curioso 85,1-3,patron_figuras,1,perfecto,1,0,,0,0,26.6,10
2026-09-09T16:18:52.428Z,Pudú Curioso 85,1-3,patron_figuras,2,fallido,1,0,generico,0,0,17.4,0
2026-09-09T16:19:41.234Z,Pudú Curioso 85,1-3,patron_numerico,2,fallido,2,0,generico,0,0,48.8,0
2026-09-09T16:20:05.049Z,Pudú Curioso 85,1-3,patron_numerico,1,logrado,1,0,,0,1,23.8,6
2026-09-09T16:20:27.547Z,Pudú Curioso 85,1-3,patron_figuras,1,perfecto,1,0,,0,0,22.5,10
2026-09-09T16:20:32.335Z,Pudú Curioso 85,1-3,patron_numerico,2,perfecto,1,0,,0,0,4.8,30
2026-09-09T16:20:40.940Z,Pudú Curioso 85,1-3,patron_figuras,2,fallido,1,0,generico,0,0,8.6,0
2026-09-09T16:20:48.154Z,Pudú Curioso 85,1-3,patron_figuras,2,perfecto,1,0,,0,0,7.2,20
2026-09-09T16:20:53.814Z,Pudú Curioso 85,1-3,patron_figuras,2,perfecto,1,0,,0,0,5.7,20
2026-09-09T16:21:20.653Z,Pudú Curioso 85,1-3,patron_numerico,3,perfecto,1,0,,0,0,26.8,45
2026-09-09T16:31:42.415Z,Pudú Curioso 85,1-4,registrar,1,logrado,1,1,,0,0,21.8,9
2026-09-09T16:31:56.490Z,Pudú Curioso 85,1-4,registrar,1,perfecto,1,0,,0,0,14.1,20
2026-09-09T16:32:23.090Z,Pudú Curioso 85,1-4,registrar,2,perfecto,1,0,,0,0,26.6,40
2026-09-09T16:32:56.261Z,Pudú Curioso 85,1-4,registrar,2,con_ayuda,2,1,generico,0,0,33.2,5
2026-09-09T16:33:04.728Z,Pudú Curioso 85,1-4,registrar,2,con_ayuda,2,0,generico,0,0,8.5,5
2026-09-09T16:33:08.678Z,Pudú Curioso 85,1-4,registrar,2,perfecto,1,0,,0,0,4.0,20
2026-09-09T16:33:17.247Z,Pudú Curioso 85,1-4,registrar,2,perfecto,1,0,,0,0,8.6,20
2026-09-09T16:33:25.415Z,Pudú Curioso 85,1-4,registrar,3,fallido,2,0,generico,0,0,8.2,0
2026-09-09T16:33:57.054Z,Pudú Curioso 85,1-4,registrar,3,fallido,2,0,generico,0,0,31.6,0
2026-09-09T16:34:37.348Z,Pudú Curioso 85,1-4,registrar,2,con_ayuda,2,0,generico,0,1,40.3,5
2026-09-09T16:35:03.600Z,Pudú Curioso 85,1-4,registrar,2,fallido,2,0,generico,0,0,26.3,0
2026-09-09T16:35:09.719Z,Pudú Curioso 85,1-4,registrar,2,perfecto,1,0,,0,0,6.1,20
2026-09-09T16:35:34.957Z,Pudú Curioso 85,1-4,registrar,2,perfecto,1,0,,0,0,25.2,20
2026-09-09T16:35:51.628Z,Pudú Curioso 85,1-4,registrar,3,perfecto,1,0,,0,0,16.7,45
2026-09-09T16:36:06.081Z,Pudú Curioso 85,1-4,registrar,3,perfecto,1,0,,0,0,14.5,45
2026-09-09T16:36:24.325Z,Pudú Curioso 85,1-4,registrar,4,perfecto,1,0,,0,0,18.2,80
2026-09-09T16:47:02.927Z,Pudú Curioso 85,1-J,equilibrar,3,con_ayuda,3,0,muy_liviana,0,0,38.6,8
2026-09-09T16:47:26.483Z,Pudú Curioso 85,1-J,patron_numerico,3,perfecto,1,0,,0,0,23.6,30
2026-09-09T16:47:35.934Z,Pudú Curioso 85,1-J,patron_figuras,3,fallido,1,0,patron_posicion,0,0,9.5,0
2026-09-09T16:47:44.162Z,Pudú Curioso 85,1-J,registrar,3,perfecto,1,0,,0,0,8.2,30
2026-09-09T16:48:11.149Z,Pudú Curioso 85,1-J,inclinacion,3,perfecto,1,0,,0,0,27.0,30
2026-09-09T16:48:37.835Z,Pudú Curioso 85,1-J,registrar,4,perfecto,1,0,,0,0,26.7,60
2026-09-09T16:49:13.485Z,Pudú Curioso 85,1-J,patron_numerico,4,con_ayuda,2,0,generico,0,0,35.6,10
2026-09-09T16:49:38.445Z,Pudú Curioso 85,1-J,registrar,4,fallido,2,0,generico,0,0,25.0,0
2026-09-09T16:50:39.536Z,Pudú Curioso 85,1-J,equilibrar,4,con_ayuda,3,0,muy_liviana,0,0,61.1,10
2026-09-09T16:50:58.278Z,Pudú Curioso 85,1-J,inclinacion,4,fallido,1,0,desequilibrio_falso,0,0,18.7,0
2026-09-09T16:51:14.683Z,Pudú Curioso 85,1-J,equilibrar,3,logrado,1,0,,0,1,16.4,18
2026-09-09T16:52:01.017Z,Pudú Curioso 85,1-J,registrar,3,fallido,2,1,generico,0,0,46.3,0
2026-09-09T16:52:25.430Z,Pudú Curioso 85,1-J,inclinacion,3,perfecto,1,0,,0,0,24.4,30
2026-09-09T16:52:30.975Z,Pudú Curioso 85,1-J,patron_figuras,3,perfecto,1,0,,0,0,5.5,30
2026-09-09T16:53:15.636Z,Pudú Curioso 85,1-J,equilibrar,4,con_ayuda,3,0,muy_liviana,0,0,44.7,10
2026-09-09T16:53:35.565Z,Pudú Curioso 85,1-J,patron_numerico,4,perfecto,1,0,,0,0,19.9,40
2026-09-09T17:03:49.145Z,Lince Brillante 90,1-1,inclinacion,1,perfecto,1,0,,0,0,13.6,10
2026-09-09T17:04:13.663Z,Lince Brillante 90,1-1,inclinacion,1,perfecto,1,0,,0,0,24.5,10
2026-09-09T17:04:22.707Z,Lince Brillante 90,1-1,inclinacion,2,fallido,1,0,desequilibrio_falso,0,0,9.0,0
2026-09-09T17:04:33.447Z,Lince Brillante 90,1-1,inclinacion,2,fallido,1,0,direccion_opuesta,0,0,10.7,0
2026-09-09T17:04:48.967Z,Lince Brillante 90,1-1,inclinacion,1,fallido,1,0,desequilibrio_falso,0,1,15.5,0
2026-09-09T17:05:04.295Z,Lince Brillante 90,1-1,inclinacion,1,logrado,1,0,,0,1,15.3,6
2026-09-09T17:05:20.613Z,Lince Brillante 90,1-1,inclinacion,1,perfecto,1,0,,0,0,16.3,10
2026-09-09T17:05:29.721Z,Lince Brillante 90,1-1,inclinacion,2,perfecto,1,0,,0,0,9.1,30
2026-09-09T17:05:37.724Z,Lince Brillante 90,1-1,inclinacion,2,fallido,1,0,direccion_opuesta,0,0,8.0,0
2026-09-09T17:06:02.420Z,Lince Brillante 90,1-1,inclinacion,2,fallido,1,0,direccion_opuesta,0,0,24.7,0
2026-09-09T17:06:16.738Z,Lince Brillante 90,1-1,inclinacion,1,logrado,1,0,,0,1,14.3,6
2026-09-09T17:06:24.514Z,Lince Brillante 90,1-1,inclinacion,1,fallido,1,0,direccion_opuesta,0,0,7.8,0
2026-09-09T17:06:39.815Z,Lince Brillante 90,1-1,inclinacion,1,perfecto,1,0,,0,0,15.3,10
2026-09-09T17:06:56.109Z,Lince Brillante 90,1-1,inclinacion,1,perfecto,1,0,,0,0,16.3,10
2026-09-09T17:07:22.861Z,Lince Brillante 90,1-1,inclinacion,2,perfecto,1,0,,0,0,26.8,30
2026-09-09T17:07:43.927Z,Lince Brillante 90,1-1,inclinacion,2,fallido,1,0,desequilibrio_falso,0,0,21.1,0
2026-09-09T17:07:58.172Z,Lince Brillante 90,1-1,inclinacion,2,fallido,1,0,desequilibrio_falso,0,0,14.2,0
2026-09-09T17:08:06.526Z,Lince Brillante 90,1-1,inclinacion,1,fallido,1,0,desequilibrio_falso,0,1,8.4,0
2026-09-09T17:08:16.091Z,Lince Brillante 90,1-1,inclinacion,1,fallido,1,0,desequilibrio_falso,0,1,9.6,0
2026-09-09T17:08:37.185Z,Lince Brillante 90,1-1,inclinacion,1,logrado,1,0,,0,1,21.1,6
2026-09-09T17:18:56.187Z,Lince Brillante 90,1-2,equilibrar,1,perfecto,1,0,,0,0,19.0,10
2026-09-09T17:19:22.547Z,Lince Brillante 90,1-2,equilibrar,1,perfecto,1,0,,0,0,26.4,15
2026-09-09T17:20:11.693Z,Lince Brillante 90,1-2,equilibrar,2,logrado,2,0,muy_liviana,0,0,49.1,18
2026-09-09T17:20:20.555Z,Lince Brillante 90,1-2,equilibrar,2,perfecto,1,0,,0,0,8.9,40
2026-09-09T17:20:42.402Z,Lince Brillante 90,1-2,equilibrar,3,perfecto,1,0,,0,0,21.8,60
2026-09-09T17:20:48.632Z,Lince Brillante 90,1-2,equilibrar,3,perfecto,1,0,,0,0,6.2,60
2026-09-09T17:21:15.645Z,Lince Brillante 90,1-2,equilibrar,4,perfecto,1,0,,0,0,27.0,80
2026-09-09T17:21:43.524Z,Lince Brillante 90,1-2,equilibrar,4,perfecto,1,0,,0,0,27.9,80
2026-09-09T17:22:10.027Z,Lince Brillante 90,1-2,equilibrar,5,logrado,2,0,resultado_del_otro_lado,0,0,26.5,90
2026-09-09T17:22:19.055Z,Lince Brillante 90,1-2,equilibrar,5,perfecto,1,0,,0,0,9.0,150
2026-09-09T17:32:25.953Z,Lince Brillante 90,1-3,patron_figuras,1,perfecto,1,0,,0,0,6.9,30
2026-09-09T17:32:31.313Z,Lince Brillante 90,1-3,patron_numerico,1,perfecto,1,0,,0,0,5.4,30
2026-09-09T17:32:46.690Z,Lince Brillante 90,1-3,patron_figuras,2,perfecto,1,0,,0,0,15.4,60
2026-09-09T17:33:03.555Z,Lince Brillante 90,1-3,patron_numerico,2,perfecto,1,0,,0,0,16.9,60
2026-09-09T17:33:26.334Z,Lince Brillante 90,1-3,patron_numerico,3,perfecto,1,0,,0,0,22.8,90
2026-09-09T17:33:50.369Z,Lince Brillante 90,1-3,patron_figuras,3,perfecto,1,0,,0,0,24.0,90
2026-09-09T17:34:06.727Z,Lince Brillante 90,1-3,patron_figuras,4,logrado,1,1,,0,0,16.4,72
2026-09-09T17:34:54.812Z,Lince Brillante 90,1-3,patron_numerico,4,fallido,2,0,generico,0,0,48.1,0
2026-09-09T17:35:04.253Z,Lince Brillante 90,1-3,patron_figuras,4,fallido,1,0,patron_nucleo_largo,0,0,9.4,0
2026-09-09T17:35:25.052Z,Lince Brillante 90,1-3,patron_figuras,3,fallido,1,0,patron_posicion,0,1,20.8,0
2026-09-09T17:35:39.558Z,Lince Brillante 90,1-3,patron_numerico,3,logrado,1,0,,0,1,14.5,18
2026-09-09T17:36:06.112Z,Lince Brillante 90,1-3,patron_figuras,3,fallido,1,0,patron_posicion,0,0,26.6,0
2026-09-09T17:36:16.482Z,Lince Brillante 90,1-3,patron_numerico,3,fallido,2,0,generico,0,0,10.4,0
2026-09-09T17:36:21.382Z,Lince Brillante 90,1-3,patron_figuras,2,logrado,1,0,,0,1,4.9,12
2026-09-09T17:36:59.281Z,Lince Brillante 90,1-3,patron_numerico,2,con_ayuda,2,0,generico,0,0,37.9,5
2026-09-09T17:37:06.387Z,Lince Brillante 90,1-3,patron_numerico,2,perfecto,1,0,,0,0,7.1,20
2026-09-11T17:47:26.311Z,Lince Brillante 90,1-4,registrar,1,fallido,2,0,generico,0,0,19.9,0
2026-09-11T17:47:39.643Z,Lince Brillante 90,1-4,registrar,1,con_ayuda,2,0,generico,0,0,13.3,3
2026-09-11T17:48:24.167Z,Lince Brillante 90,1-4,registrar,1,con_ayuda,2,0,generico,0,0,44.5,3
2026-09-11T17:48:42.629Z,Lince Brillante 90,1-4,registrar,1,fallido,2,0,generico,0,0,18.5,0
2026-09-11T17:49:08.834Z,Lince Brillante 90,1-4,registrar,1,logrado,1,0,,0,1,26.2,6
2026-09-11T17:49:32.179Z,Lince Brillante 90,1-4,registrar,1,con_ayuda,2,0,generico,0,0,23.3,3
2026-09-11T17:49:40.290Z,Lince Brillante 90,1-4,registrar,1,perfecto,1,0,,0,0,8.1,10
2026-09-11T17:50:15.328Z,Lince Brillante 90,1-4,registrar,1,con_ayuda,2,0,generico,0,0,35.0,3
2026-09-11T17:50:41.959Z,Lince Brillante 90,1-4,registrar,1,perfecto,1,0,,0,0,26.6,10
2026-09-11T17:51:12.694Z,Lince Brillante 90,1-4,registrar,1,fallido,2,0,generico,0,0,30.7,0
2026-09-11T17:51:48.599Z,Lince Brillante 90,1-4,registrar,1,fallido,2,0,generico,0,0,35.9,0
2026-09-11T17:52:26.911Z,Lince Brillante 90,1-4,registrar,1,fallido,2,0,generico,0,1,38.3,0
2026-09-11T17:53:04.534Z,Lince Brillante 90,1-4,registrar,1,fallido,2,0,generico,0,1,37.6,0
2026-09-11T17:53:38.681Z,Lince Brillante 90,1-4,registrar,1,con_ayuda,2,0,generico,0,1,34.1,3
2026-09-11T17:53:44.749Z,Lince Brillante 90,1-4,registrar,1,perfecto,1,0,,0,0,6.1,10
2026-09-11T17:54:11.021Z,Lince Brillante 90,1-4,registrar,1,con_ayuda,2,0,generico,0,0,26.3,3
2026-09-11T17:54:41.577Z,Lince Brillante 90,1-4,registrar,1,con_ayuda,2,0,generico,0,0,30.6,3
2026-09-11T17:55:09.279Z,Lince Brillante 90,1-4,registrar,1,perfecto,1,0,,0,0,27.7,10
2026-09-11T17:55:23.633Z,Lince Brillante 90,1-4,registrar,1,con_ayuda,2,0,generico,0,0,14.4,3
2026-09-11T17:55:41.338Z,Lince Brillante 90,1-4,registrar,1,perfecto,1,0,,0,0,17.7,10
2026-09-11T17:56:14.799Z,Lince Brillante 90,1-4,registrar,1,con_ayuda,2,0,generico,0,0,33.5,3
2026-09-11T17:56:21.339Z,Lince Brillante 90,1-4,registrar,1,perfecto,1,0,,0,0,6.5,10
2026-09-11T17:56:34.828Z,Lince Brillante 90,1-4,registrar,1,perfecto,1,0,,0,0,13.5,10
2026-09-11T17:57:02.084Z,Lince Brillante 90,1-4,registrar,2,perfecto,1,0,,0,0,27.3,30
2026-09-11T17:57:26.514Z,Lince Brillante 90,1-4,registrar,2,fallido,2,0,generico,0,0,24.4,0
2026-09-11T17:57:50.623Z,Lince Brillante 90,1-4,registrar,2,con_ayuda,2,0,generico,0,0,24.1,5
2026-09-11T17:58:00.280Z,Lince Brillante 90,1-4,registrar,2,perfecto,1,0,,0,0,9.7,20
2026-09-11T18:08:27.167Z,Lince Brillante 90,1-J,patron_numerico,3,perfecto,1,0,,0,0,26.9,30
2026-09-11T18:08:49.153Z,Lince Brillante 90,1-J,registrar,3,perfecto,1,0,,0,0,22.0,45
2026-09-11T18:09:10.921Z,Lince Brillante 90,1-J,equilibrar,4,logrado,2,0,resultado_del_otro_lado,0,0,21.8,36
2026-09-11T18:09:17.700Z,Lince Brillante 90,1-J,inclinacion,4,perfecto,1,0,,0,0,6.8,80
2026-09-11T18:09:29.895Z,Lince Brillante 90,1-J,patron_figuras,5,fallido,1,0,patron_posicion,0,0,12.2,0
2026-09-11T18:09:46.759Z,Lince Brillante 90,1-J,registrar,5,fallido,2,0,generico,0,0,16.9,0
2026-09-11T18:10:01.866Z,Lince Brillante 90,1-J,inclinacion,4,fallido,1,0,direccion_opuesta,0,1,15.1,0
2026-09-11T18:10:17.400Z,Lince Brillante 90,1-J,patron_figuras,4,logrado,1,0,,0,1,15.5,24
2026-09-11T18:10:34.855Z,Lince Brillante 90,1-J,equilibrar,4,perfecto,1,0,,0,0,17.5,40
2026-09-11T18:10:50.486Z,Lince Brillante 90,1-J,patron_figuras,5,fallido,1,0,patron_posicion,0,0,15.6,0
2026-09-11T18:11:04.383Z,Lince Brillante 90,1-J,equilibrar,5,perfecto,1,0,,0,0,13.9,50
2026-09-11T18:11:27.144Z,Lince Brillante 90,1-J,registrar,5,fallido,2,0,generico,0,0,22.8,0
2026-09-11T18:12:01.626Z,Lince Brillante 90,1-J,equilibrar,5,logrado,2,1,muy_liviana,0,0,34.5,30
2026-09-11T18:12:17.047Z,Lince Brillante 90,1-J,inclinacion,5,perfecto,1,0,,1,0,15.4,50
2026-09-11T18:22:34.495Z,Zorro Valiente 13,1-1,inclinacion,1,perfecto,1,0,,0,0,17.4,10
2026-09-11T18:23:01.333Z,Zorro Valiente 13,1-1,inclinacion,1,perfecto,1,0,,0,0,26.8,10
2026-09-11T18:23:26.829Z,Zorro Valiente 13,1-1,inclinacion,2,fallido,1,0,desequilibrio_falso,0,0,25.5,0
2026-09-11T18:23:43.861Z,Zorro Valiente 13,1-1,inclinacion,2,perfecto,1,0,,0,0,17.0,20
2026-09-11T18:23:59.536Z,Zorro Valiente 13,1-1,inclinacion,2,perfecto,1,0,,0,0,15.7,20
2026-09-11T18:24:23.635Z,Zorro Valiente 13,1-1,inclinacion,3,fallido,1,0,desequilibrio_falso,0,0,24.1,0
2026-09-11T18:24:29.188Z,Zorro Valiente 13,1-1,inclinacion,3,perfecto,1,0,,0,0,5.6,30
2026-09-11T18:24:46.178Z,Zorro Valiente 13,1-1,inclinacion,3,perfecto,1,0,,0,0,17.0,30
2026-09-11T18:24:54.286Z,Zorro Valiente 13,1-1,inclinacion,4,perfecto,1,0,,0,0,8.1,60
2026-09-11T18:25:18.994Z,Zorro Valiente 13,1-1,inclinacion,4,perfecto,1,0,,0,0,24.7,60
2026-09-11T18:25:34.474Z,Zorro Valiente 13,1-1,inclinacion,5,perfecto,1,0,,1,0,15.5,100
2026-09-11T18:25:41.046Z,Zorro Valiente 13,1-1,inclinacion,5,perfecto,1,0,,1,0,6.6,100
2026-09-11T18:35:52.836Z,Zorro Valiente 13,1-2,equilibrar,1,perfecto,1,0,,0,0,11.8,20
2026-09-11T18:36:14.727Z,Zorro Valiente 13,1-2,equilibrar,1,perfecto,1,0,,0,0,21.9,20
2026-09-11T18:36:41.907Z,Zorro Valiente 13,1-2,equilibrar,2,perfecto,1,0,,0,0,27.2,40
2026-09-11T18:37:02.606Z,Zorro Valiente 13,1-2,equilibrar,2,perfecto,1,0,,0,0,20.7,60
2026-09-11T18:37:26.372Z,Zorro Valiente 13,1-2,equilibrar,3,perfecto,1,0,,0,0,23.8,90
2026-09-11T18:37:38.543Z,Zorro Valiente 13,1-2,equilibrar,3,perfecto,1,0,,0,0,12.2,90
2026-09-11T18:37:42.797Z,Zorro Valiente 13,1-2,equilibrar,4,perfecto,1,0,,0,0,4.3,120
2026-09-11T18:38:06.437Z,Zorro Valiente 13,1-2,equilibrar,4,perfecto,1,0,,0,0,23.6,120
2026-09-11T18:38:27.390Z,Zorro Valiente 13,1-2,equilibrar,5,perfecto,1,0,,0,0,21.0,150
2026-09-11T18:38:49.066Z,Zorro Valiente 13,1-2,equilibrar,5,logrado,2,0,resultado_del_otro_lado,0,0,21.7,90
2026-09-11T18:48:58.859Z,Zorro Valiente 13,1-3,patron_numerico,1,perfecto,1,0,,0,0,9.8,30
2026-09-11T18:49:15.437Z,Zorro Valiente 13,1-3,patron_numerico,1,perfecto,1,0,,0,0,16.6,30
2026-09-11T18:49:26.146Z,Zorro Valiente 13,1-3,patron_figuras,2,fallido,1,0,generico,0,0,10.7,0
2026-09-11T18:49:32.317Z,Zorro Valiente 13,1-3,patron_figuras,2,fallido,1,0,generico,0,0,6.2,0
2026-09-11T18:49:51.001Z,Zorro Valiente 13,1-3,patron_figuras,1,logrado,1,0,,0,1,18.7,6
2026-09-11T18:50:04.863Z,Zorro Valiente 13,1-3,patron_numerico,1,perfecto,1,0,,0,0,13.9,10
2026-09-11T18:50:34.568Z,Zorro Valiente 13,1-3,patron_numerico,2,con_ayuda,2,0,generico,0,0,29.7,5
2026-09-11T18:51:15.046Z,Zorro Valiente 13,1-3,patron_numerico,2,con_ayuda,2,0,generico,0,0,40.5,5
2026-09-11T18:51:27.397Z,Zorro Valiente 13,1-3,patron_figuras,2,perfecto,1,0,,0,0,12.4,20
2026-09-11T18:51:54.972Z,Zorro Valiente 13,1-3,patron_figuras,2,perfecto,1,0,,0,0,27.6,20
2026-09-11T18:52:15.214Z,Zorro Valiente 13,1-3,patron_numerico,3,perfecto,1,0,,0,0,20.2,45
2026-09-11T18:52:26.912Z,Zorro Valiente 13,1-3,patron_numerico,3,perfecto,1,0,,0,0,11.7,45
2026-09-11T18:52:42.853Z,Zorro Valiente 13,1-3,patron_numerico,4,perfecto,1,0,,0,0,15.9,80
2026-09-11T18:52:52.927Z,Zorro Valiente 13,1-3,patron_figuras,4,fallido,1,0,patron_nucleo_largo,0,0,10.1,0
2026-09-11T18:52:57.308Z,Zorro Valiente 13,1-3,patron_figuras,4,perfecto,1,0,,0,0,4.4,40
2026-09-11T19:03:18.109Z,Zorro Valiente 13,1-4,registrar,1,perfecto,1,0,,0,0,20.8,10
2026-09-11T19:03:39.358Z,Zorro Valiente 13,1-4,registrar,1,perfecto,1,0,,0,0,21.2,15
2026-09-11T19:03:58.998Z,Zorro Valiente 13,1-4,registrar,2,perfecto,1,0,,0,0,19.6,30
2026-09-11T19:04:16.711Z,Zorro Valiente 13,1-4,registrar,2,perfecto,1,0,,0,0,17.7,40
2026-09-11T19:04:40.330Z,Zorro Valiente 13,1-4,registrar,3,con_ayuda,2,0,generico,0,0,23.6,8
2026-09-11T19:05:14.906Z,Zorro Valiente 13,1-4,registrar,3,fallido,2,0,generico,0,0,34.6,0
2026-09-11T19:05:33.412Z,Zorro Valiente 13,1-4,registrar,3,perfecto,1,0,,0,0,18.5,30
2026-09-11T19:05:59.075Z,Zorro Valiente 13,1-4,registrar,3,perfecto,1,0,,0,0,25.7,30
2026-09-11T19:06:26.856Z,Zorro Valiente 13,1-4,registrar,4,perfecto,1,0,,0,0,27.8,60
2026-09-11T19:06:47.849Z,Zorro Valiente 13,1-4,registrar,4,perfecto,1,0,,0,0,21.0,60
2026-09-11T19:06:55.913Z,Zorro Valiente 13,1-4,registrar,5,perfecto,1,0,,0,0,8.1,100
2026-09-11T19:07:20.897Z,Zorro Valiente 13,1-4,registrar,5,fallido,2,0,generico,0,0,25.0,0
2026-09-11T19:07:28.388Z,Zorro Valiente 13,1-4,registrar,5,perfecto,1,0,,0,0,7.5,50
2026-09-14T19:17:52.191Z,Zorro Valiente 13,1-J,registrar,3,perfecto,1,0,,0,0,23.8,30
2026-09-14T19:18:01.960Z,Zorro Valiente 13,1-J,equilibrar,3,perfecto,1,0,,0,0,9.8,45
2026-09-14T19:18:14.359Z,Zorro Valiente 13,1-J,inclinacion,4,fallido,1,0,direccion_opuesta,0,0,12.4,0
2026-09-14T19:18:35.784Z,Zorro Valiente 13,1-J,patron_numerico,4,perfecto,1,0,,0,0,21.4,40
2026-09-14T19:18:56.042Z,Zorro Valiente 13,1-J,inclinacion,4,fallido,1,0,direccion_opuesta,0,0,20.3,0
2026-09-14T19:19:21.333Z,Zorro Valiente 13,1-J,registrar,4,con_ayuda,2,0,generico,0,0,25.3,10
2026-09-14T19:19:47.230Z,Zorro Valiente 13,1-J,equilibrar,4,perfecto,1,0,,0,0,25.9,40
2026-09-14T19:19:58.319Z,Zorro Valiente 13,1-J,patron_figuras,4,fallido,1,0,patron_nucleo_corto,0,0,11.1,0
2026-09-14T19:20:21.396Z,Zorro Valiente 13,1-J,inclinacion,4,perfecto,1,0,,0,0,23.1,40
2026-09-14T19:20:59.466Z,Zorro Valiente 13,1-J,patron_numerico,4,fallido,2,0,generico,0,0,38.1,0
2026-09-14T19:21:06.375Z,Zorro Valiente 13,1-J,inclinacion,4,perfecto,1,0,,0,0,6.9,40
2026-09-14T19:21:28.870Z,Zorro Valiente 13,1-J,registrar,4,perfecto,1,0,,0,0,22.5,40
2026-09-17T19:31:37.240Z,Pudú Valiente 91,1-1,inclinacion,1,perfecto,1,0,,0,0,8.4,10
2026-09-17T19:31:57.825Z,Pudú Valiente 91,1-1,inclinacion,1,perfecto,1,0,,0,0,20.6,10
2026-09-17T19:32:11.384Z,Pudú Valiente 91,1-1,inclinacion,2,perfecto,1,0,,0,0,13.6,30
2026-09-17T19:32:20.824Z,Pudú Valiente 91,1-1,inclinacion,2,perfecto,1,0,,0,0,9.4,30
2026-09-17T19:32:35.205Z,Pudú Valiente 91,1-1,inclinacion,3,perfecto,1,0,,0,0,14.4,60
2026-09-17T19:32:51.668Z,Pudú Valiente 91,1-1,inclinacion,3,perfecto,1,0,,0,0,16.5,60
2026-09-17T19:33:19.360Z,Pudú Valiente 91,1-1,inclinacion,4,perfecto,1,0,,0,0,27.7,80
2026-09-17T19:33:40.983Z,Pudú Valiente 91,1-1,inclinacion,4,perfecto,1,0,,0,0,21.6,80
2026-09-17T19:34:08.912Z,Pudú Valiente 91,1-1,inclinacion,5,perfecto,1,0,,1,0,27.9,100
2026-09-17T19:34:27.363Z,Pudú Valiente 91,1-1,inclinacion,5,fallido,1,0,desequilibrio_falso,1,0,18.5,0
2026-09-17T19:34:48.630Z,Pudú Valiente 91,1-1,inclinacion,5,perfecto,1,0,,1,0,21.3,50
2026-09-17T19:45:09.450Z,Pudú Valiente 91,1-2,equilibrar,1,perfecto,1,0,,0,0,20.8,10
2026-09-17T19:45:21.206Z,Pudú Valiente 91,1-2,equilibrar,1,perfecto,1,0,,0,0,11.8,15
2026-09-17T19:45:24.634Z,Pudú Valiente 91,1-2,equilibrar,2,perfecto,1,0,,0,0,3.4,30
2026-09-17T19:45:52.103Z,Pudú Valiente 91,1-2,equilibrar,2,perfecto,1,0,,0,0,27.5,40
2026-09-17T19:46:16.709Z,Pudú Valiente 91,1-2,equilibrar,3,perfecto,1,0,,0,0,24.6,60
2026-09-17T19:46:44.845Z,Pudú Valiente 91,1-2,equilibrar,3,logrado,2,1,muy_liviana,0,0,28.1,36
2026-09-17T19:47:02.546Z,Pudú Valiente 91,1-2,equilibrar,4,perfecto,1,0,,0,0,17.7,80
2026-09-17T19:47:47.144Z,Pudú Valiente 91,1-2,equilibrar,4,logrado,2,0,muy_liviana,0,0,44.6,48
2026-09-17T19:48:12.590Z,Pudú Valiente 91,1-2,equilibrar,5,perfecto,1,0,,0,0,25.4,150
2026-09-17T19:48:18.021Z,Pudú Valiente 91,1-2,equilibrar,5,perfecto,1,0,,0,0,5.4,150
2026-09-20T19:58:43.832Z,Pudú Valiente 91,1-3,patron_figuras,1,perfecto,1,0,,0,0,25.8,30
2026-09-20T19:58:53.668Z,Pudú Valiente 91,1-3,patron_figuras,1,perfecto,1,0,,0,0,9.8,30
2026-09-20T19:59:12.941Z,Pudú Valiente 91,1-3,patron_figuras,2,fallido,1,0,patron_repite_ultimo,0,0,19.3,0
2026-09-20T19:59:29.817Z,Pudú Valiente 91,1-3,patron_figuras,2,perfecto,1,0,,0,0,16.9,20
2026-09-20T19:59:46.027Z,Pudú Valiente 91,1-3,patron_figuras,2,perfecto,1,0,,0,0,16.2,20
2026-09-20T19:59:53.357Z,Pudú Valiente 91,1-3,patron_figuras,3,perfecto,1,0,,0,0,7.3,45
2026-09-20T20:00:05.797Z,Pudú Valiente 91,1-3,patron_figuras,3,perfecto,1,0,,0,0,12.4,45
2026-09-20T20:00:18.552Z,Pudú Valiente 91,1-3,patron_figuras,4,fallido,1,0,patron_nucleo_largo,0,0,12.8,0
2026-09-20T20:00:30.897Z,Pudú Valiente 91,1-3,patron_figuras,4,fallido,1,0,patron_nucleo_largo,0,0,12.3,0
2026-09-20T20:00:56.143Z,Pudú Valiente 91,1-3,patron_figuras,3,fallido,1,0,generico,0,1,25.2,0
2026-09-20T20:01:08.319Z,Pudú Valiente 91,1-3,patron_numerico,3,logrado,1,0,,0,1,12.2,18
2026-09-20T20:01:13.996Z,Pudú Valiente 91,1-3,patron_numerico,3,perfecto,1,0,,0,0,5.7,30
2026-09-20T20:01:24.969Z,Pudú Valiente 91,1-3,patron_numerico,4,perfecto,1,0,,0,0,11.0,60
2026-09-20T20:01:50.294Z,Pudú Valiente 91,1-3,patron_numerico,4,con_ayuda,2,0,generico,0,0,25.3,10
2026-09-20T20:01:54.893Z,Pudú Valiente 91,1-3,patron_numerico,4,perfecto,1,0,,0,0,4.6,40
2026-09-22T20:12:01.979Z,Pudú Valiente 91,1-4,registrar,1,perfecto,1,0,,0,0,7.1,10
2026-09-22T20:12:31.093Z,Pudú Valiente 91,1-4,registrar,1,con_ayuda,2,0,generico,0,0,29.1,3
2026-09-22T20:12:57.538Z,Pudú Valiente 91,1-4,registrar,1,perfecto,1,0,,0,0,26.4,10
2026-09-22T20:13:15.915Z,Pudú Valiente 91,1-4,registrar,1,perfecto,1,0,,0,0,18.4,10
2026-09-22T20:13:41.975Z,Pudú Valiente 91,1-4,registrar,2,perfecto,1,0,,0,0,26.1,30
2026-09-22T20:13:55.889Z,Pudú Valiente 91,1-4,registrar,2,perfecto,1,0,,0,0,13.9,30
2026-09-22T20:14:38.172Z,Pudú Valiente 91,1-4,registrar,3,con_ayuda,2,0,generico,0,0,42.3,8
2026-09-22T20:14:56.475Z,Pudú Valiente 91,1-4,registrar,3,perfecto,1,0,,0,0,18.3,30
2026-09-22T20:15:19.788Z,Pudú Valiente 91,1-4,registrar,3,fallido,2,0,generico,0,0,23.3,0
2026-09-22T20:15:24.293Z,Pudú Valiente 91,1-4,registrar,3,perfecto,1,0,,0,0,4.5,30
2026-09-22T20:15:38.063Z,Pudú Valiente 91,1-4,registrar,3,perfecto,1,0,,0,0,13.8,30
2026-09-22T20:16:03.075Z,Pudú Valiente 91,1-4,registrar,4,perfecto,1,0,,0,0,25.0,60
2026-09-22T20:16:20.904Z,Pudú Valiente 91,1-4,registrar,4,perfecto,1,0,,0,0,17.8,60
2026-09-22T20:26:46.782Z,Pudú Valiente 91,1-J,inclinacion,3,perfecto,1,0,,0,0,25.9,60
2026-09-22T20:27:14.171Z,Pudú Valiente 91,1-J,patron_numerico,3,perfecto,1,0,,0,0,27.4,60
2026-09-22T20:27:29.865Z,Pudú Valiente 91,1-J,inclinacion,4,perfecto,1,0,,0,0,15.7,80
2026-09-22T20:27:40.500Z,Pudú Valiente 91,1-J,registrar,4,perfecto,1,0,,0,0,10.6,80
2026-09-22T20:27:45.011Z,Pudú Valiente 91,1-J,patron_figuras,5,fallido,1,0,generico,0,0,4.5,0
2026-09-22T20:28:04.773Z,Pudú Valiente 91,1-J,equilibrar,5,perfecto,1,0,,0,0,19.8,50
2026-09-22T20:28:14.709Z,Pudú Valiente 91,1-J,patron_figuras,5,fallido,1,0,generico,0,0,9.9,0
2026-09-22T20:28:22.489Z,Pudú Valiente 91,1-J,inclinacion,5,fallido,1,0,desequilibrio_falso,1,0,7.8,0
2026-09-22T20:29:03.680Z,Pudú Valiente 91,1-J,registrar,4,con_ayuda,2,0,generico,0,1,41.2,10
2026-09-22T20:29:08.452Z,Pudú Valiente 91,1-J,equilibrar,4,perfecto,1,0,,0,0,4.8,40
2026-09-22T20:29:23.833Z,Pudú Valiente 91,1-J,inclinacion,4,fallido,1,0,direccion_opuesta,0,0,15.4,0
2026-09-22T20:30:02.944Z,Pudú Valiente 91,1-J,registrar,4,fallido,2,0,generico,0,0,39.1,0
2026-09-22T20:30:51.097Z,Pudú Valiente 91,1-J,patron_numerico,3,con_ayuda,2,0,generico,0,1,48.2,8
2026-09-22T20:31:14.351Z,Pudú Valiente 91,1-J,patron_figuras,3,perfecto,1,0,,0,0,23.3,30
2026-09-22T20:31:38.399Z,Pudú Valiente 91,1-J,equilibrar,3,perfecto,1,0,,0,0,24.0,30
2026-09-22T20:41:55.283Z,Búho Valiente 52,1-1,inclinacion,1,fallido,1,0,direccion_opuesta,0,0,16.9,0
2026-09-22T20:42:19.613Z,Búho Valiente 52,1-1,inclinacion,1,fallido,1,0,direccion_opuesta,0,0,24.3,0
2026-09-22T20:42:47.382Z,Búho Valiente 52,1-1,inclinacion,1,logrado,1,0,,0,1,27.8,6
2026-09-22T20:42:53.974Z,Búho Valiente 52,1-1,inclinacion,1,fallido,1,0,direccion_opuesta,0,0,6.6,0
2026-09-22T20:43:02.936Z,Búho Valiente 52,1-1,inclinacion,1,perfecto,1,0,,0,0,9.0,10
2026-09-22T20:43:15.530Z,Búho Valiente 52,1-1,inclinacion,1,perfecto,1,0,,0,0,12.6,10
2026-09-22T20:43:33.792Z,Búho Valiente 52,1-1,inclinacion,2,perfecto,1,0,,0,0,18.3,30
2026-09-22T20:43:45.047Z,Búho Valiente 52,1-1,inclinacion,2,perfecto,1,0,,0,0,11.3,30
2026-09-22T20:43:57.775Z,Búho Valiente 52,1-1,inclinacion,3,perfecto,1,0,,0,0,12.7,60
2026-09-22T20:44:06.709Z,Búho Valiente 52,1-1,inclinacion,3,perfecto,1,0,,0,0,8.9,60
2026-09-22T20:44:26.746Z,Búho Valiente 52,1-1,inclinacion,4,perfecto,1,0,,0,0,20.0,80
2026-09-22T20:44:42.457Z,Búho Valiente 52,1-1,inclinacion,4,perfecto,1,0,,0,0,15.7,80
2026-09-22T20:44:58.504Z,Búho Valiente 52,1-1,inclinacion,5,perfecto,1,0,,1,0,16.0,100
2026-09-22T20:55:02.547Z,Búho Valiente 52,1-2,equilibrar,1,perfecto,1,0,,0,0,4.0,30
2026-09-22T20:55:20.016Z,Búho Valiente 52,1-2,equilibrar,1,perfecto,1,0,,0,0,17.5,30
2026-09-22T20:55:25.977Z,Búho Valiente 52,1-2,equilibrar,2,perfecto,1,0,,0,0,6.0,60
2026-09-22T20:55:51.300Z,Búho Valiente 52,1-2,equilibrar,2,perfecto,1,0,,0,0,25.3,60
2026-09-22T20:56:01.169Z,Búho Valiente 52,1-2,equilibrar,3,perfecto,1,0,,0,0,9.9,90
2026-09-22T20:56:16.602Z,Búho Valiente 52,1-2,equilibrar,3,perfecto,1,0,,0,0,15.4,90
2026-09-22T20:56:21.924Z,Búho Valiente 52,1-2,equilibrar,4,perfecto,1,0,,0,0,5.3,120
2026-09-22T20:56:35.967Z,Búho Valiente 52,1-2,equilibrar,4,perfecto,1,0,,0,0,14.0,120
2026-09-22T20:56:56.925Z,Búho Valiente 52,1-2,equilibrar,5,perfecto,1,0,,0,0,21.0,150
2026-09-22T20:57:30.156Z,Búho Valiente 52,1-2,equilibrar,5,logrado,2,0,resultado_del_otro_lado,0,0,33.2,90
2026-09-23T21:07:47.458Z,Búho Valiente 52,1-3,patron_numerico,1,con_ayuda,2,0,generico,0,0,17.3,3
2026-09-23T21:08:13.307Z,Búho Valiente 52,1-3,patron_figuras,1,perfecto,1,0,,0,0,25.8,10
2026-09-23T21:08:33.378Z,Búho Valiente 52,1-3,patron_numerico,1,perfecto,1,0,,0,0,20.1,10
2026-09-23T21:09:22.512Z,Búho Valiente 52,1-3,patron_numerico,2,con_ayuda,2,0,generico,0,0,49.1,5
2026-09-23T21:09:40.863Z,Búho Valiente 52,1-3,patron_figuras,2,perfecto,1,0,,0,0,18.4,20
2026-09-23T21:09:58.578Z,Búho Valiente 52,1-3,patron_numerico,2,perfecto,1,0,,0,0,17.7,20
2026-09-23T21:10:19.270Z,Búho Valiente 52,1-3,patron_figuras,3,perfecto,1,0,,0,0,20.7,45
2026-09-23T21:10:35.925Z,Búho Valiente 52,1-3,patron_numerico,3,perfecto,1,0,,0,0,16.7,45
2026-09-23T21:10:47.097Z,Búho Valiente 52,1-3,patron_figuras,4,fallido,1,0,patron_nucleo_corto,0,0,11.2,0
2026-09-23T21:11:28.415Z,Búho Valiente 52,1-3,patron_numerico,4,con_ayuda,2,0,generico,0,0,41.3,10
2026-09-23T21:11:37.369Z,Búho Valiente 52,1-3,patron_figuras,4,fallido,1,0,patron_nucleo_corto,0,0,9.0,0
2026-09-23T21:11:40.655Z,Búho Valiente 52,1-3,patron_figuras,3,logrado,1,0,,0,1,3.3,18
2026-09-23T21:12:01.647Z,Búho Valiente 52,1-3,patron_figuras,3,perfecto,1,0,,0,0,21.0,30
2026-09-23T21:12:09.799Z,Búho Valiente 52,1-3,patron_figuras,4,perfecto,1,0,,0,0,8.2,60
2026-09-23T21:12:16.613Z,Búho Valiente 52,1-3,patron_figuras,4,fallido,1,0,patron_nucleo_largo,0,0,6.8,0
2026-09-23T21:12:20.811Z,Búho Valiente 52,1-3,patron_figuras,4,fallido,1,0,patron_nucleo_corto,0,0,4.2,0
2026-09-23T21:12:38.385Z,Búho Valiente 52,1-3,patron_numerico,3,fallido,2,0,generico,0,1,17.6,0
2026-09-23T21:12:47.556Z,Búho Valiente 52,1-3,patron_figuras,3,fallido,1,0,patron_posicion,0,1,9.2,0
2026-09-23T21:13:05.746Z,Búho Valiente 52,1-3,patron_numerico,2,logrado,1,0,,0,1,18.2,12
2026-09-23T21:23:32.144Z,Búho Valiente 52,1-4,registrar,1,perfecto,1,0,,0,0,26.4,10
2026-09-23T21:24:18.305Z,Búho Valiente 52,1-4,registrar,1,fallido,2,0,generico,0,0,46.2,0
2026-09-23T21:24:35.385Z,Búho Valiente 52,1-4,registrar,1,perfecto,1,0,,0,0,17.1,10
2026-09-23T21:24:39.629Z,Búho Valiente 52,1-4,registrar,1,perfecto,1,0,,0,0,4.2,10
2026-09-23T21:24:46.470Z,Búho Valiente 52,1-4,registrar,2,perfecto,1,0,,0,0,6.8,30
2026-09-23T21:24:56.856Z,Búho Valiente 52,1-4,registrar,2,perfecto,1,0,,0,0,10.4,30
2026-09-23T21:25:13.200Z,Búho Valiente 52,1-4,registrar,3,con_ayuda,2,0,generico,0,0,16.3,8
2026-09-23T21:25:33.363Z,Búho Valiente 52,1-4,registrar,3,perfecto,1,0,,0,0,20.2,30
2026-09-23T21:26:07.942Z,Búho Valiente 52,1-4,registrar,3,con_ayuda,2,0,generico,0,0,34.6,8
2026-09-23T21:26:23.483Z,Búho Valiente 52,1-4,registrar,3,perfecto,1,0,,0,0,15.5,30
2026-09-23T21:26:54.791Z,Búho Valiente 52,1-4,registrar,3,con_ayuda,2,0,generico,0,0,31.3,8
2026-09-23T21:27:07.185Z,Búho Valiente 52,1-4,registrar,3,perfecto,1,0,,0,0,12.4,30
2026-09-23T21:27:33.410Z,Búho Valiente 52,1-4,registrar,3,con_ayuda,2,0,generico,0,0,26.2,8
2026-09-23T21:27:57.971Z,Búho Valiente 52,1-4,registrar,3,perfecto,1,0,,0,0,24.6,30
2026-09-23T21:28:25.742Z,Búho Valiente 52,1-4,registrar,3,perfecto,1,0,,0,0,27.8,30
2026-09-23T21:38:50.118Z,Búho Valiente 52,1-J,equilibrar,3,perfecto,1,0,,0,0,24.4,45
2026-09-23T21:38:59.661Z,Búho Valiente 52,1-J,inclinacion,3,perfecto,1,0,,0,0,9.5,45
2026-09-23T21:39:21.512Z,Búho Valiente 52,1-J,equilibrar,4,perfecto,1,0,,0,0,21.9,80
2026-09-23T21:39:34.883Z,Búho Valiente 52,1-J,inclinacion,4,perfecto,1,0,,0,0,13.4,80
2026-09-23T21:39:43.495Z,Búho Valiente 52,1-J,equilibrar,5,perfecto,1,0,,0,0,8.6,100
2026-09-25T21:50:11.341Z,Pudú Curioso 84,1-1,inclinacion,1,fallido,1,0,desequilibrio_falso,0,0,27.8,0
2026-09-25T21:50:21.721Z,Pudú Curioso 84,1-1,inclinacion,1,perfecto,1,0,,0,0,10.4,10
2026-09-25T21:50:40.795Z,Pudú Curioso 84,1-1,inclinacion,1,perfecto,1,0,,0,0,19.1,10
2026-09-25T21:50:46.042Z,Pudú Curioso 84,1-1,inclinacion,2,perfecto,1,0,,0,0,5.2,30
2026-09-25T21:50:55.747Z,Pudú Curioso 84,1-1,inclinacion,2,fallido,1,0,desequilibrio_falso,0,0,9.7,0
2026-09-25T21:51:05.507Z,Pudú Curioso 84,1-1,inclinacion,2,fallido,1,0,direccion_opuesta,0,0,9.8,0
2026-09-25T21:51:14.534Z,Pudú Curioso 84,1-1,inclinacion,1,logrado,1,0,,0,1,9.0,6
2026-09-25T21:51:37.186Z,Pudú Curioso 84,1-1,inclinacion,1,fallido,1,0,desequilibrio_falso,0,0,22.7,0
2026-09-25T21:51:52.838Z,Pudú Curioso 84,1-1,inclinacion,1,perfecto,1,0,,0,0,15.7,10
2026-09-25T21:52:01.007Z,Pudú Curioso 84,1-1,inclinacion,1,perfecto,1,0,,0,0,8.2,10
2026-09-25T21:52:20.298Z,Pudú Curioso 84,1-1,inclinacion,2,perfecto,1,0,,0,0,19.3,30
2026-09-25T21:52:42.843Z,Pudú Curioso 84,1-1,inclinacion,2,perfecto,1,0,,0,0,22.5,30
2026-09-25T21:53:09.336Z,Pudú Curioso 84,1-1,inclinacion,3,perfecto,1,0,,0,0,26.5,60
2026-09-25T21:53:29.513Z,Pudú Curioso 84,1-1,inclinacion,3,perfecto,1,0,,0,0,20.2,60
2026-09-26T22:03:39.981Z,Pudú Curioso 84,1-2,equilibrar,1,perfecto,1,0,,0,0,10.5,20
2026-09-26T22:03:53.320Z,Pudú Curioso 84,1-2,equilibrar,1,perfecto,1,0,,0,0,13.3,20
2026-09-26T22:04:22.887Z,Pudú Curioso 84,1-2,equilibrar,2,logrado,2,0,muy_liviana,0,0,29.6,24
2026-09-26T22:05:03.323Z,Pudú Curioso 84,1-2,equilibrar,2,logrado,2,0,muy_liviana,0,0,40.4,36
2026-09-26T22:05:28.582Z,Pudú Curioso 84,1-2,equilibrar,3,perfecto,1,0,,0,0,25.3,90
2026-09-26T22:05:46.640Z,Pudú Curioso 84,1-2,equilibrar,3,perfecto,1,0,,0,0,18.1,90
2026-09-26T22:05:55.519Z,Pudú Curioso 84,1-2,equilibrar,4,perfecto,1,0,,0,0,8.9,120
2026-09-26T22:06:13.258Z,Pudú Curioso 84,1-2,equilibrar,4,logrado,2,0,muy_liviana,0,0,17.7,72
2026-09-26T22:06:43.621Z,Pudú Curioso 84,1-2,equilibrar,5,logrado,2,0,muy_liviana,0,0,30.4,90
2026-09-26T22:06:53.386Z,Pudú Curioso 84,1-2,equilibrar,5,perfecto,1,0,,0,0,9.8,150
2026-09-26T22:17:02.922Z,Pudú Curioso 84,1-3,patron_figuras,1,perfecto,1,0,,0,0,9.5,30
2026-09-26T22:17:18.274Z,Pudú Curioso 84,1-3,patron_figuras,1,fallido,1,0,patron_repite_ultimo,0,0,15.4,0
2026-09-26T22:17:31.469Z,Pudú Curioso 84,1-3,patron_figuras,1,fallido,1,1,patron_repite_ultimo,0,0,13.2,0
2026-09-26T22:18:10.985Z,Pudú Curioso 84,1-3,patron_numerico,1,con_ayuda,2,0,generico,0,1,39.5,3
2026-09-26T22:18:22.266Z,Pudú Curioso 84,1-3,patron_figuras,1,perfecto,1,0,,0,0,11.3,10
2026-09-26T22:18:38.418Z,Pudú Curioso 84,1-3,patron_figuras,1,perfecto,1,0,,0,0,16.2,10
2026-09-26T22:19:00.033Z,Pudú Curioso 84,1-3,patron_numerico,2,perfecto,1,0,,0,0,21.6,30
2026-09-26T22:19:27.498Z,Pudú Curioso 84,1-3,patron_numerico,2,perfecto,1,0,,0,0,27.5,30
2026-09-26T22:19:37.257Z,Pudú Curioso 84,1-3,patron_figuras,3,perfecto,1,0,,0,0,9.8,60
2026-09-26T22:20:02.944Z,Pudú Curioso 84,1-3,patron_figuras,3,fallido,1,0,patron_posicion,0,0,25.7,0
2026-09-26T22:20:06.700Z,Pudú Curioso 84,1-3,patron_numerico,3,perfecto,1,0,,0,0,3.8,30
2026-09-26T22:20:29.021Z,Pudú Curioso 84,1-3,patron_numerico,3,perfecto,1,0,,0,0,22.3,30
2026-09-26T22:20:38.906Z,Pudú Curioso 84,1-3,patron_figuras,4,perfecto,1,0,,0,0,9.9,60
2026-09-26T22:20:53.073Z,Pudú Curioso 84,1-3,patron_figuras,4,perfecto,1,0,,0,0,14.2,60
2026-09-26T22:31:12.845Z,Pudú Curioso 84,1-4,registrar,1,perfecto,1,0,,0,0,19.8,20
2026-09-26T22:31:37.245Z,Pudú Curioso 84,1-4,registrar,1,perfecto,1,0,,0,0,24.4,20
2026-09-26T22:31:55.559Z,Pudú Curioso 84,1-4,registrar,2,perfecto,1,0,,0,0,18.3,40
2026-09-26T22:32:21.424Z,Pudú Curioso 84,1-4,registrar,2,perfecto,1,0,,0,0,25.9,40
2026-09-26T22:32:34.632Z,Pudú Curioso 84,1-4,registrar,3,con_ayuda,2,0,generico,0,0,13.2,8
2026-09-26T22:33:02.094Z,Pudú Curioso 84,1-4,registrar,3,con_ayuda,2,0,generico,0,0,27.5,8
2026-09-26T22:33:23.039Z,Pudú Curioso 84,1-4,registrar,3,logrado,1,1,,0,0,20.9,18
2026-09-26T22:33:26.408Z,Pudú Curioso 84,1-4,registrar,3,perfecto,1,0,,0,0,3.4,30
2026-09-26T22:34:07.521Z,Pudú Curioso 84,1-4,registrar,4,con_ayuda,2,0,generico,0,0,41.1,10
2026-09-26T22:34:28.190Z,Pudú Curioso 84,1-4,registrar,4,perfecto,1,0,,0,0,20.7,40
2026-09-26T22:34:50.223Z,Pudú Curioso 84,1-4,registrar,4,perfecto,1,0,,0,0,22.0,40
2026-09-26T22:35:07.262Z,Pudú Curioso 84,1-4,registrar,5,perfecto,1,0,,0,0,17.0,75
2026-09-26T22:35:22.011Z,Pudú Curioso 84,1-4,registrar,5,fallido,2,0,generico,0,0,14.7,0
2026-09-26T22:35:59.350Z,Pudú Curioso 84,1-4,registrar,5,con_ayuda,2,0,generico,0,0,37.3,13
2026-09-26T22:36:30.724Z,Pudú Curioso 84,1-4,registrar,5,fallido,2,0,generico,0,0,31.4,0
2026-09-26T22:36:47.095Z,Pudú Curioso 84,1-4,registrar,4,logrado,1,0,,0,1,16.4,24
2026-09-26T22:46:58.714Z,Pudú Curioso 84,1-J,patron_numerico,3,perfecto,1,0,,0,0,11.6,30
2026-09-26T22:47:22.187Z,Pudú Curioso 84,1-J,equilibrar,3,perfecto,1,0,,0,0,23.5,45
2026-09-26T22:47:39.543Z,Pudú Curioso 84,1-J,registrar,4,perfecto,1,0,,0,0,17.4,60
2026-09-26T22:48:06.651Z,Pudú Curioso 84,1-J,equilibrar,4,con_ayuda,3,0,muy_liviana,0,0,27.1,10
2026-09-26T22:48:41.259Z,Pudú Curioso 84,1-J,patron_numerico,4,fallido,2,0,generico,0,0,34.6,0
2026-09-26T22:49:03.505Z,Pudú Curioso 84,1-J,registrar,4,perfecto,1,0,,0,0,22.2,40
2026-09-26T22:49:27.583Z,Pudú Curioso 84,1-J,inclinacion,4,perfecto,1,0,,0,0,24.1,40
2026-09-26T22:49:32.281Z,Pudú Curioso 84,1-J,registrar,5,perfecto,1,0,,0,0,4.7,75
2026-09-27T22:59:57.575Z,Pingüino Sabio 26,1-1,inclinacion,1,perfecto,1,0,,0,0,25.3,10
2026-09-27T23:00:15.855Z,Pingüino Sabio 26,1-1,inclinacion,1,perfecto,1,0,,0,0,18.3,10
2026-09-27T23:00:24.233Z,Pingüino Sabio 26,1-1,inclinacion,2,perfecto,1,0,,0,0,8.4,30
2026-09-27T23:00:35.044Z,Pingüino Sabio 26,1-1,inclinacion,2,perfecto,1,0,,0,0,10.8,30
2026-09-27T23:00:46.284Z,Pingüino Sabio 26,1-1,inclinacion,3,perfecto,1,0,,0,0,11.2,60
2026-09-27T23:01:10.330Z,Pingüino Sabio 26,1-1,inclinacion,3,perfecto,1,0,,0,0,24.0,60
2026-09-27T23:01:25.536Z,Pingüino Sabio 26,1-1,inclinacion,4,perfecto,1,0,,0,0,15.2,80
2026-09-27T23:01:36.369Z,Pingüino Sabio 26,1-1,inclinacion,4,fallido,1,0,desequilibrio_falso,0,0,10.8,0
2026-09-27T23:01:43.011Z,Pingüino Sabio 26,1-1,inclinacion,4,perfecto,1,0,,0,0,6.6,40
2026-09-27T23:01:50.080Z,Pingüino Sabio 26,1-1,inclinacion,4,perfecto,1,0,,0,0,7.1,40
2026-09-27T23:02:05.579Z,Pingüino Sabio 26,1-1,inclinacion,5,perfecto,1,0,,1,0,15.5,75
2026-09-28T23:12:50.486Z,Pingüino Sabio 26,1-2,equilibrar,1,logrado,2,0,muy_liviana,0,0,44.9,9
2026-09-28T23:13:09.921Z,Pingüino Sabio 26,1-2,equilibrar,1,perfecto,1,0,,0,0,19.4,20
2026-09-28T23:13:21.026Z,Pingüino Sabio 26,1-2,equilibrar,2,perfecto,1,0,,0,0,11.1,40
2026-09-28T23:14:08.613Z,Pingüino Sabio 26,1-2,equilibrar,2,logrado,2,0,resultado_del_otro_lado,0,0,47.6,24
2026-09-28T23:14:16.523Z,Pingüino Sabio 26,1-2,equilibrar,3,perfecto,1,0,,0,0,7.9,60
2026-09-28T23:14:36.639Z,Pingüino Sabio 26,1-2,equilibrar,3,perfecto,1,0,,0,0,20.1,60
2026-09-28T23:15:20.554Z,Pingüino Sabio 26,1-2,equilibrar,4,con_ayuda,3,0,resultado_del_otro_lado,0,0,43.9,10
2026-09-28T23:15:35.626Z,Pingüino Sabio 26,1-2,equilibrar,4,perfecto,1,0,,0,0,15.1,40
2026-09-28T23:15:59.367Z,Pingüino Sabio 26,1-2,equilibrar,4,perfecto,1,0,,0,0,23.7,40
2026-09-28T23:16:47.210Z,Pingüino Sabio 26,1-2,equilibrar,5,con_ayuda,3,0,muy_liviana,0,0,47.8,13
2026-09-28T23:16:56.664Z,Pingüino Sabio 26,1-2,equilibrar,5,perfecto,1,0,,0,0,9.5,50
2026-09-28T23:17:08.328Z,Pingüino Sabio 26,1-2,equilibrar,5,perfecto,1,0,,0,0,11.7,50
2026-09-29T23:27:21.378Z,Pingüino Sabio 26,1-3,patron_figuras,1,perfecto,1,0,,0,0,13.1,15
2026-09-29T23:27:38.737Z,Pingüino Sabio 26,1-3,patron_figuras,1,perfecto,1,0,,0,0,17.4,15
2026-09-29T23:27:54.966Z,Pingüino Sabio 26,1-3,patron_numerico,2,perfecto,1,0,,0,0,16.2,40
2026-09-29T23:28:04.290Z,Pingüino Sabio 26,1-3,patron_figuras,2,perfecto,1,0,,0,0,9.3,40
2026-09-29T23:28:21.599Z,Pingüino Sabio 26,1-3,patron_figuras,3,fallido,1,0,patron_posicion,0,0,17.3,0
2026-09-29T23:28:42.836Z,Pingüino Sabio 26,1-3,patron_numerico,3,perfecto,1,0,,0,0,21.2,30
2026-09-29T23:28:48.239Z,Pingüino Sabio 26,1-3,patron_numerico,3,perfecto,1,0,,0,0,5.4,30
2026-09-29T23:29:11.601Z,Pingüino Sabio 26,1-3,patron_figuras,4,fallido,1,0,patron_nucleo_corto,0,0,23.4,0
2026-09-29T23:29:45.902Z,Pingüino Sabio 26,1-3,patron_numerico,4,con_ayuda,2,0,generico,0,0,34.3,10
2026-09-29T23:30:11.162Z,Pingüino Sabio 26,1-3,patron_numerico,4,logrado,1,1,,0,0,25.3,24
2026-09-29T23:30:22.036Z,Pingüino Sabio 26,1-3,patron_figuras,4,perfecto,1,0,,0,0,10.9,40
2026-09-29T23:31:00.406Z,Pingüino Sabio 26,1-3,patron_numerico,5,con_ayuda,2,0,generico,1,0,38.4,13
2026-09-29T23:31:06.261Z,Pingüino Sabio 26,1-3,patron_figuras,5,fallido,1,0,patron_posicion,0,0,5.9,0
2026-09-29T23:31:09.635Z,Pingüino Sabio 26,1-3,patron_figuras,5,perfecto,1,0,,0,0,3.4,50
2026-09-29T23:31:32.972Z,Pingüino Sabio 26,1-3,patron_figuras,5,perfecto,1,0,,0,0,23.3,50
2026-09-29T23:41:52.658Z,Pingüino Sabio 26,1-4,registrar,1,perfecto,1,0,,0,0,19.7,15
2026-09-29T23:42:01.253Z,Pingüino Sabio 26,1-4,registrar,1,perfecto,1,0,,0,0,8.6,15
2026-09-29T23:42:23.467Z,Pingüino Sabio 26,1-4,registrar,2,perfecto,1,0,,0,0,22.2,40
2026-09-29T23:42:29.602Z,Pingüino Sabio 26,1-4,registrar,2,perfecto,1,0,,0,0,6.1,40
2026-09-29T23:43:09.994Z,Pingüino Sabio 26,1-4,registrar,3,con_ayuda,2,0,generico,0,0,40.4,8
2026-09-29T23:43:43.069Z,Pingüino Sabio 26,1-4,registrar,3,con_ayuda,2,0,generico,0,0,33.1,8
2026-09-29T23:43:52.209Z,Pingüino Sabio 26,1-4,registrar,3,perfecto,1,0,,0,0,9.1,30
2026-09-29T23:44:13.407Z,Pingüino Sabio 26,1-4,registrar,3,perfecto,1,0,,0,0,21.2,30
2026-09-29T23:44:44.072Z,Pingüino Sabio 26,1-4,registrar,4,fallido,2,0,generico,0,0,30.7,0
2026-09-29T23:44:53.479Z,Pingüino Sabio 26,1-4,registrar,4,perfecto,1,0,,0,0,9.4,40
2026-09-29T23:45:33.853Z,Pingüino Sabio 26,1-4,registrar,4,con_ayuda,2,0,generico,0,0,40.4,10
2026-09-29T23:45:54.951Z,Pingüino Sabio 26,1-4,registrar,4,perfecto,1,0,,0,0,21.1,40
2026-09-29T23:46:27.386Z,Pingüino Sabio 26,1-4,registrar,4,fallido,2,0,generico,0,0,32.4,0
2026-09-29T23:46:41.364Z,Pingüino Sabio 26,1-4,registrar,4,perfecto,1,0,,0,0,14.0,40
2026-09-29T23:47:00.660Z,Pingüino Sabio 26,1-4,registrar,4,perfecto,1,0,,0,0,19.3,40
2026-09-29T23:57:15.904Z,Pingüino Sabio 26,1-J,equilibrar,3,perfecto,1,0,,0,0,15.2,45
2026-09-29T23:57:26.685Z,Pingüino Sabio 26,1-J,inclinacion,3,fallido,1,0,desequilibrio_falso,0,0,10.8,0
2026-09-29T23:57:38.318Z,Pingüino Sabio 26,1-J,patron_figuras,3,perfecto,1,0,,0,0,11.6,30
2026-09-29T23:58:07.891Z,Pingüino Sabio 26,1-J,registrar,3,con_ayuda,2,0,generico,0,0,29.6,8
2026-09-29T23:58:33.883Z,Pingüino Sabio 26,1-J,equilibrar,3,perfecto,1,0,,0,0,26.0,30
2026-09-29T23:58:40.219Z,Pingüino Sabio 26,1-J,patron_figuras,3,perfecto,1,0,,0,0,6.3,30
2026-09-29T23:59:02.052Z,Pingüino Sabio 26,1-J,equilibrar,4,logrado,2,0,muy_liviana,0,0,21.8,36
2026-09-29T23:59:47.973Z,Pingüino Sabio 26,1-J,patron_numerico,4,con_ayuda,2,0,generico,0,0,45.9,10
2026-09-29T23:59:57.292Z,Pingüino Sabio 26,1-J,equilibrar,4,perfecto,1,0,,0,0,9.3,40
2026-09-30T00:10:20.703Z,Pudú Veloz 92,1-1,inclinacion,1,perfecto,1,0,,0,0,23.4,10
2026-09-30T00:10:25.909Z,Pudú Veloz 92,1-1,inclinacion,1,perfecto,1,0,,0,0,5.2,10
2026-09-30T00:10:42.131Z,Pudú Veloz 92,1-1,inclinacion,2,fallido,1,0,desequilibrio_falso,0,0,16.2,0
2026-09-30T00:11:02.295Z,Pudú Veloz 92,1-1,inclinacion,2,fallido,1,0,direccion_opuesta,0,0,20.2,0
2026-09-30T00:11:22.372Z,Pudú Veloz 92,1-1,inclinacion,1,logrado,1,0,,0,1,20.1,6
2026-09-30T00:11:35.014Z,Pudú Veloz 92,1-1,inclinacion,1,perfecto,1,0,,0,0,12.6,10
2026-09-30T00:11:57.613Z,Pudú Veloz 92,1-1,inclinacion,2,fallido,1,0,desequilibrio_falso,0,0,22.6,0
2026-09-30T00:12:10.327Z,Pudú Veloz 92,1-1,inclinacion,2,fallido,1,0,desequilibrio_falso,0,0,12.7,0
2026-09-30T00:12:33.445Z,Pudú Veloz 92,1-1,inclinacion,1,logrado,1,0,,0,1,23.1,6
2026-09-30T00:12:39.647Z,Pudú Veloz 92,1-1,inclinacion,1,fallido,1,0,desequilibrio_falso,0,0,6.2,0
2026-09-30T00:13:06.211Z,Pudú Veloz 92,1-1,inclinacion,1,fallido,1,0,direccion_opuesta,0,0,26.6,0
2026-09-30T00:13:28.250Z,Pudú Veloz 92,1-1,inclinacion,1,fallido,1,0,desequilibrio_falso,0,1,22.0,0
2026-09-30T00:13:44.096Z,Pudú Veloz 92,1-1,inclinacion,1,fallido,1,0,direccion_opuesta,0,1,15.8,0
2026-09-30T00:14:10.081Z,Pudú Veloz 92,1-1,inclinacion,1,fallido,1,0,direccion_opuesta,0,1,26.0,0
2026-09-30T00:14:25.616Z,Pudú Veloz 92,1-1,inclinacion,1,logrado,1,0,,0,1,15.5,6
2026-09-30T00:14:39.750Z,Pudú Veloz 92,1-1,inclinacion,1,fallido,1,0,direccion_opuesta,0,0,14.1,0
2026-09-30T00:14:43.194Z,Pudú Veloz 92,1-1,inclinacion,1,perfecto,1,0,,0,0,3.4,10
2026-09-30T00:15:04.769Z,Pudú Veloz 92,1-1,inclinacion,1,fallido,1,0,direccion_opuesta,0,0,21.6,0
2026-09-30T00:15:13.025Z,Pudú Veloz 92,1-1,inclinacion,1,perfecto,1,0,,0,0,8.3,10
2026-09-30T00:15:26.489Z,Pudú Veloz 92,1-1,inclinacion,1,fallido,1,0,desequilibrio_falso,0,0,13.5,0
2026-09-30T00:15:52.922Z,Pudú Veloz 92,1-1,inclinacion,1,perfecto,1,0,,0,0,26.4,10
2026-09-30T00:16:00.435Z,Pudú Veloz 92,1-1,inclinacion,1,perfecto,1,0,,0,0,7.5,10
2026-09-30T00:26:20.040Z,Pudú Veloz 92,1-2,equilibrar,1,perfecto,1,0,,0,0,19.6,15
2026-09-30T00:26:43.936Z,Pudú Veloz 92,1-2,equilibrar,1,logrado,1,1,,0,0,23.9,9
2026-09-30T00:27:16.798Z,Pudú Veloz 92,1-2,equilibrar,2,con_ayuda,3,0,muy_liviana,0,0,32.9,5
2026-09-30T00:27:25.998Z,Pudú Veloz 92,1-2,equilibrar,2,perfecto,1,0,,0,0,9.2,20
2026-09-30T00:27:43.529Z,Pudú Veloz 92,1-2,equilibrar,2,perfecto,1,0,,0,0,17.5,20
2026-09-30T00:28:47.770Z,Pudú Veloz 92,1-2,equilibrar,3,con_ayuda,3,0,muy_liviana,0,0,64.2,8
2026-09-30T00:29:05.996Z,Pudú Veloz 92,1-2,equilibrar,3,perfecto,1,0,,0,0,18.2,30
2026-09-30T00:29:27.262Z,Pudú Veloz 92,1-2,equilibrar,3,perfecto,1,0,,0,0,21.3,30
2026-09-30T00:30:13.252Z,Pudú Veloz 92,1-2,equilibrar,4,con_ayuda,3,1,muy_liviana,0,0,46.0,10
2026-09-30T00:30:43.534Z,Pudú Veloz 92,1-2,equilibrar,4,logrado,2,0,resultado_del_otro_lado,0,0,30.3,24
2026-09-30T00:31:04.541Z,Pudú Veloz 92,1-2,equilibrar,4,perfecto,1,0,,0,0,21.0,40
2026-09-30T00:31:24.038Z,Pudú Veloz 92,1-2,equilibrar,5,logrado,2,0,muy_liviana,0,0,19.5,45
2026-09-30T00:31:54.645Z,Pudú Veloz 92,1-2,equilibrar,5,logrado,2,0,muy_liviana,0,0,30.6,45
2026-09-30T00:42:15.674Z,Pudú Veloz 92,1-3,patron_figuras,1,fallido,1,0,generico,0,0,21.0,0
2026-09-30T00:42:30.864Z,Pudú Veloz 92,1-3,patron_figuras,1,perfecto,1,0,,0,0,15.2,10
2026-09-30T00:42:45.991Z,Pudú Veloz 92,1-3,patron_figuras,1,fallido,1,1,generico,0,0,15.1,0
2026-09-30T00:42:52.678Z,Pudú Veloz 92,1-3,patron_figuras,1,perfecto,1,0,,0,0,6.7,10
2026-09-30T00:43:16.565Z,Pudú Veloz 92,1-3,patron_figuras,1,perfecto,1,0,,0,0,23.9,10
2026-09-30T00:43:41.492Z,Pudú Veloz 92,1-3,patron_numerico,2,perfecto,1,0,,0,0,24.9,30
2026-09-30T00:44:10.196Z,Pudú Veloz 92,1-3,patron_figuras,2,logrado,1,1,,0,0,28.7,18
2026-09-30T00:44:13.332Z,Pudú Veloz 92,1-3,patron_numerico,3,perfecto,1,0,,0,0,3.1,60
2026-09-30T00:44:40.718Z,Pudú Veloz 92,1-3,patron_figuras,3,fallido,1,0,patron_posicion,0,0,27.4,0
2026-09-30T00:44:54.689Z,Pudú Veloz 92,1-3,patron_figuras,3,perfecto,1,0,,0,0,14.0,30
2026-09-30T00:45:25.281Z,Pudú Veloz 92,1-3,patron_numerico,3,con_ayuda,2,0,generico,0,0,30.6,8
2026-09-30T00:45:42.949Z,Pudú Veloz 92,1-3,patron_figuras,3,fallido,1,0,generico,0,0,17.7,0
2026-09-30T00:45:51.839Z,Pudú Veloz 92,1-3,patron_figuras,3,fallido,1,0,generico,0,0,8.9,0
2026-09-30T00:46:17.745Z,Pudú Veloz 92,1-3,patron_numerico,2,fallido,2,0,generico,0,1,25.9,0
2026-09-30T00:46:43.173Z,Pudú Veloz 92,1-3,patron_numerico,2,logrado,1,0,,0,1,25.4,12
2026-09-30T00:47:18.991Z,Pudú Veloz 92,1-3,patron_numerico,2,fallido,2,0,generico,0,0,35.8,0
2026-09-30T00:47:28.041Z,Pudú Veloz 92,1-3,patron_figuras,2,perfecto,1,0,,0,0,9.1,20
2026-09-30T00:48:16.078Z,Pudú Veloz 92,1-3,patron_numerico,2,con_ayuda,2,0,generico,0,0,48.0,5
2026-09-30T00:48:40.898Z,Pudú Veloz 92,1-3,patron_numerico,2,fallido,2,0,generico,0,0,24.8,0
2026-09-30T00:48:44.376Z,Pudú Veloz 92,1-3,patron_figuras,2,perfecto,1,0,,0,0,3.5,20
2026-09-30T00:59:10.508Z,Pudú Veloz 92,1-4,registrar,1,perfecto,1,0,,0,0,26.1,10
2026-09-30T00:59:36.901Z,Pudú Veloz 92,1-4,registrar,1,perfecto,1,0,,0,0,26.4,15
2026-09-30T01:00:09.436Z,Pudú Veloz 92,1-4,registrar,2,fallido,2,0,generico,0,0,32.5,0
2026-09-30T01:00:47.051Z,Pudú Veloz 92,1-4,registrar,2,fallido,2,0,generico,0,0,37.6,0
2026-09-30T01:01:07.330Z,Pudú Veloz 92,1-4,registrar,1,con_ayuda,2,0,generico,0,1,20.3,3
2026-09-30T01:01:28.347Z,Pudú Veloz 92,1-4,registrar,1,logrado,1,1,,0,0,21.0,6
2026-09-30T01:01:50.727Z,Pudú Veloz 92,1-4,registrar,1,fallido,2,0,generico,0,0,22.4,0
2026-09-30T01:02:00.255Z,Pudú Veloz 92,1-4,registrar,1,con_ayuda,2,0,generico,0,0,9.5,3
2026-09-30T01:02:26.302Z,Pudú Veloz 92,1-4,registrar,1,perfecto,1,0,,0,0,26.0,10
2026-09-30T01:02:51.306Z,Pudú Veloz 92,1-4,registrar,1,fallido,2,1,generico,0,0,25.0,0
2026-09-30T01:03:12.202Z,Pudú Veloz 92,1-4,registrar,1,perfecto,1,0,,0,0,20.9,10
2026-09-30T01:03:23.891Z,Pudú Veloz 92,1-4,registrar,1,perfecto,1,0,,0,0,11.7,10
2026-09-30T01:04:13.159Z,Pudú Veloz 92,1-4,registrar,2,fallido,2,0,generico,0,0,49.3,0
2026-09-30T01:04:57.583Z,Pudú Veloz 92,1-4,registrar,2,con_ayuda,2,0,generico,0,0,44.4,5
2026-09-30T01:05:21.304Z,Pudú Veloz 92,1-4,registrar,2,fallido,2,0,generico,0,0,23.7,0
2026-09-30T01:05:48.038Z,Pudú Veloz 92,1-4,registrar,1,logrado,1,0,,0,1,26.7,6
2026-09-30T01:06:05.272Z,Pudú Veloz 92,1-4,registrar,1,con_ayuda,2,0,generico,0,0,17.2,3
2026-09-30T01:06:34.353Z,Pudú Veloz 92,1-4,registrar,1,con_ayuda,2,1,generico,0,0,29.1,3
2026-09-30T01:06:59.242Z,Pudú Veloz 92,1-4,registrar,1,perfecto,1,0,,0,0,24.9,10
2026-09-30T01:07:38.919Z,Pudú Veloz 92,1-4,registrar,1,fallido,2,0,generico,0,0,39.7,0
2026-09-30T01:07:56.164Z,Pudú Veloz 92,1-4,registrar,1,perfecto,1,0,,0,0,17.2,10
2026-09-30T01:08:12.702Z,Pudú Veloz 92,1-4,registrar,1,con_ayuda,2,0,generico,0,0,16.5,3
2026-09-30T01:08:38.654Z,Pudú Veloz 92,1-4,registrar,1,perfecto,1,0,,0,0,26.0,10
2026-09-30T01:19:15.054Z,Pudú Veloz 92,1-J,equilibrar,3,logrado,2,0,muy_liviana,0,0,36.4,18
2026-09-30T01:19:34.989Z,Pudú Veloz 92,1-J,inclinacion,3,perfecto,1,0,,0,0,19.9,45
2026-09-30T01:19:41.039Z,Pudú Veloz 92,1-J,patron_figuras,4,perfecto,1,0,,0,0,6.0,60
2026-09-30T01:19:51.281Z,Pudú Veloz 92,1-J,inclinacion,4,fallido,1,0,direccion_opuesta,0,0,10.2,0
2026-09-30T01:20:13.761Z,Pudú Veloz 92,1-J,patron_figuras,4,perfecto,1,0,,0,0,22.5,40
2026-09-30T01:20:22.324Z,Pudú Veloz 92,1-J,inclinacion,4,fallido,1,0,direccion_opuesta,0,0,8.6,0
2026-09-30T01:21:12.643Z,Pudú Veloz 92,1-J,equilibrar,4,logrado,2,0,muy_liviana,0,0,50.3,24
2026-09-30T01:21:29.679Z,Pudú Veloz 92,1-J,patron_figuras,4,fallido,1,0,patron_nucleo_largo,0,0,17.0,0
2026-09-30T01:22:03.600Z,Pudú Veloz 92,1-J,equilibrar,4,con_ayuda,3,0,muy_liviana,0,0,33.9,10
2026-09-30T01:22:27.378Z,Pudú Veloz 92,1-J,inclinacion,4,fallido,1,0,direccion_opuesta,0,0,23.8,0
2026-09-30T01:22:47.988Z,Pudú Veloz 92,1-J,patron_numerico,3,fallido,2,0,generico,0,1,20.6,0
2026-09-30T01:23:19.500Z,Pudú Veloz 92,1-J,equilibrar,3,logrado,2,0,muy_liviana,0,1,31.5,18
2026-09-30T01:24:09.134Z,Pudú Veloz 92,1-J,registrar,3,fallido,2,0,generico,0,0,49.6,0
2026-09-30T01:24:55.047Z,Pudú Veloz 92,1-J,patron_numerico,3,fallido,2,0,generico,0,0,45.9,0
2026-09-30T01:25:10.825Z,Pudú Veloz 92,1-J,patron_numerico,2,fallido,2,0,generico,0,1,15.8,0
2026-09-30T01:25:28.911Z,Pudú Veloz 92,1-J,inclinacion,2,fallido,1,1,direccion_opuesta,0,1,18.1,0
2026-09-30T01:25:49.990Z,Pudú Veloz 92,1-J,patron_figuras,2,logrado,1,0,,0,1,21.1,12
2026-09-30T01:26:14.857Z,Pudú Veloz 92,1-J,registrar,2,fallido,2,0,generico,0,0,24.9,0
2026-09-30T01:26:18.142Z,Pudú Veloz 92,1-J,equilibrar,2,perfecto,1,0,,0,0,3.3,20
2026-09-30T01:26:43.791Z,Pudú Veloz 92,1-J,inclinacion,2,fallido,1,0,desequilibrio_falso,0,0,25.6,0
2026-09-30T01:26:58.685Z,Pudú Veloz 92,1-J,patron_numerico,2,perfecto,1,0,,0,0,14.9,20
2026-09-30T01:27:36.461Z,Pudú Veloz 92,1-J,patron_numerico,2,con_ayuda,2,0,generico,0,0,37.8,5
2026-09-30T01:27:48.880Z,Pudú Veloz 92,1-J,equilibrar,2,perfecto,1,0,,0,0,12.4,20
2026-09-30T01:28:05.675Z,Pudú Veloz 92,1-J,patron_figuras,2,perfecto,1,0,,0,0,16.8,20
2026-09-30T01:28:16.555Z,Pudú Veloz 92,1-J,equilibrar,3,logrado,1,1,,0,0,10.9,27
2026-09-30T01:28:32.719Z,Pudú Veloz 92,1-J,inclinacion,3,fallido,1,0,direccion_opuesta,0,0,16.2,0
2026-09-30T01:28:41.652Z,Pudú Veloz 92,1-J,equilibrar,3,perfecto,1,0,,0,0,8.9,30
2026-09-30T01:29:00.854Z,Pudú Veloz 92,1-J,patron_figuras,3,fallido,1,0,generico,0,0,19.2,0
2026-09-30T01:29:37.396Z,Pudú Veloz 92,1-J,registrar,3,fallido,2,0,generico,0,0,36.5,0
2026-09-30T01:29:50.915Z,Pudú Veloz 92,1-J,inclinacion,2,logrado,1,0,,0,1,13.5,12
2026-09-30T01:30:17.696Z,Pudú Veloz 92,1-J,patron_figuras,3,perfecto,1,0,,0,0,26.8,30
2026-09-30T01:30:32.624Z,Pudú Veloz 92,1-J,inclinacion,3,perfecto,1,0,,0,0,14.9,45
2026-09-30T01:30:38.248Z,Pudú Veloz 92,1-J,registrar,4,perfecto,1,0,,0,0,5.6,60
2026-09-30T01:31:43.146Z,Pudú Veloz 92,1-J,equilibrar,4,con_ayuda,3,1,muy_liviana,0,0,64.9,10
2026-09-30T01:31:57.151Z,Pudú Veloz 92,1-J,patron_figuras,4,fallido,1,0,patron_nucleo_largo,0,0,14.0,0
2026-09-30T01:32:08.307Z,Pudú Veloz 92,1-J,registrar,4,perfecto,1,0,,0,0,11.2,40
2026-09-30T01:32:45.109Z,Pudú Veloz 92,1-J,equilibrar,4,logrado,2,0,muy_liviana,0,0,36.8,24
2026-09-30T01:32:50.275Z,Pudú Veloz 92,1-J,registrar,5,perfecto,1,0,,0,0,5.2,75
2026-10-01T01:42:56.830Z,Colibrí Alegre 51,1-1,inclinacion,1,perfecto,1,0,,0,0,6.6,10
2026-10-01T01:43:13.549Z,Colibrí Alegre 51,1-1,inclinacion,1,fallido,1,0,direccion_opuesta,0,0,16.7,0
2026-10-01T01:43:30.927Z,Colibrí Alegre 51,1-1,inclinacion,1,fallido,1,0,desequilibrio_falso,0,0,17.4,0
2026-10-01T01:43:51.556Z,Colibrí Alegre 51,1-1,inclinacion,1,fallido,1,0,direccion_opuesta,0,1,20.6,0
2026-10-01T01:43:57.404Z,Colibrí Alegre 51,1-1,inclinacion,1,logrado,1,0,,0,1,5.8,6
2026-10-01T01:44:18.513Z,Colibrí Alegre 51,1-1,inclinacion,1,perfecto,1,0,,0,0,21.1,10
2026-10-01T01:44:43.933Z,Colibrí Alegre 51,1-1,inclinacion,2,fallido,1,0,direccion_opuesta,0,0,25.4,0
2026-10-01T01:44:54.186Z,Colibrí Alegre 51,1-1,inclinacion,2,fallido,1,0,desequilibrio_falso,0,0,10.3,0
2026-10-01T01:45:08.391Z,Colibrí Alegre 51,1-1,inclinacion,1,fallido,1,0,desequilibrio_falso,0,1,14.2,0
2026-10-01T01:45:29.389Z,Colibrí Alegre 51,1-1,inclinacion,1,logrado,1,0,,0,1,21.0,6
2026-10-01T01:45:35.068Z,Colibrí Alegre 51,1-1,inclinacion,1,fallido,1,0,direccion_opuesta,0,0,5.7,0
2026-10-01T01:45:43.808Z,Colibrí Alegre 51,1-1,inclinacion,1,perfecto,1,0,,0,0,8.7,10
2026-10-01T01:46:08.260Z,Colibrí Alegre 51,1-1,inclinacion,1,perfecto,1,0,,0,0,24.5,10
2026-10-01T01:46:20.839Z,Colibrí Alegre 51,1-1,inclinacion,2,fallido,1,0,direccion_opuesta,0,0,12.6,0
2026-10-01T01:46:27.305Z,Colibrí Alegre 51,1-1,inclinacion,2,perfecto,1,0,,0,0,6.5,20
2026-10-01T01:46:40.102Z,Colibrí Alegre 51,1-1,inclinacion,2,fallido,1,0,direccion_opuesta,0,0,12.8,0
2026-10-01T01:46:58.154Z,Colibrí Alegre 51,1-1,inclinacion,2,perfecto,1,0,,0,0,18.1,20
2026-10-01T01:47:04.945Z,Colibrí Alegre 51,1-1,inclinacion,2,perfecto,1,0,,0,0,6.8,20
2026-10-01T01:47:25.093Z,Colibrí Alegre 51,1-1,inclinacion,3,perfecto,1,0,,0,0,20.1,45
2026-10-04T01:57:52.765Z,Colibrí Alegre 51,1-2,equilibrar,1,perfecto,1,0,,0,0,27.7,15
2026-10-04T01:58:16.430Z,Colibrí Alegre 51,1-2,equilibrar,1,perfecto,1,0,,0,0,23.7,20
2026-10-04T01:58:37.829Z,Colibrí Alegre 51,1-2,equilibrar,2,logrado,2,0,muy_liviana,0,0,21.4,24
2026-10-04T01:58:57.291Z,Colibrí Alegre 51,1-2,equilibrar,2,perfecto,1,0,,0,0,19.5,40
2026-10-04T01:59:35.703Z,Colibrí Alegre 51,1-2,equilibrar,3,logrado,2,0,muy_liviana,0,0,38.4,36
2026-10-04T01:59:53.829Z,Colibrí Alegre 51,1-2,equilibrar,3,perfecto,1,0,,0,0,18.1,60
2026-10-04T02:01:04.389Z,Colibrí Alegre 51,1-2,equilibrar,4,con_ayuda,3,0,resultado_del_otro_lado,0,0,70.6,10
2026-10-04T02:02:03.025Z,Colibrí Alegre 51,1-2,equilibrar,4,con_ayuda,3,1,muy_liviana,0,0,58.6,10
2026-10-04T02:02:50.475Z,Colibrí Alegre 51,1-2,equilibrar,4,con_ayuda,3,0,resultado_del_otro_lado,0,0,47.5,10
2026-10-04T02:03:23.911Z,Colibrí Alegre 51,1-2,equilibrar,4,con_ayuda,3,0,muy_liviana,0,0,33.4,10
2026-10-04T02:03:58.595Z,Colibrí Alegre 51,1-2,equilibrar,4,con_ayuda,3,0,resultado_del_otro_lado,0,0,34.7,10
2026-10-04T02:04:20.317Z,Colibrí Alegre 51,1-2,equilibrar,4,logrado,2,0,resultado_del_otro_lado,0,0,21.7,24
2026-10-04T02:05:05.519Z,Colibrí Alegre 51,1-2,equilibrar,4,logrado,2,0,resultado_del_otro_lado,0,0,45.2,24
2026-10-04T02:06:00.149Z,Colibrí Alegre 51,1-2,equilibrar,5,con_ayuda,3,0,resultado_del_otro_lado,0,0,54.6,13
2026-10-04T02:06:54.025Z,Colibrí Alegre 51,1-2,equilibrar,5,con_ayuda,3,0,resultado_del_otro_lado,0,0,53.9,13
2026-10-04T02:07:41.740Z,Colibrí Alegre 51,1-2,equilibrar,5,con_ayuda,3,0,resultado_del_otro_lado,0,0,47.7,13
2026-10-04T02:08:26.901Z,Colibrí Alegre 51,1-2,equilibrar,5,logrado,2,0,resultado_del_otro_lado,0,0,45.2,30
2026-10-04T02:08:52.227Z,Colibrí Alegre 51,1-2,equilibrar,5,perfecto,1,0,,0,0,25.3,50
2026-10-04T02:19:07.755Z,Colibrí Alegre 51,1-3,patron_figuras,1,fallido,1,0,generico,0,0,15.5,0
2026-10-04T02:19:14.557Z,Colibrí Alegre 51,1-3,patron_figuras,1,perfecto,1,0,,0,0,6.8,10
2026-10-04T02:19:31.007Z,Colibrí Alegre 51,1-3,patron_numerico,1,perfecto,1,0,,0,0,16.4,10
2026-10-04T02:19:54.289Z,Colibrí Alegre 51,1-3,patron_figuras,2,perfecto,1,0,,0,0,23.3,30
2026-10-04T02:20:23.514Z,Colibrí Alegre 51,1-3,patron_numerico,2,con_ayuda,2,0,generico,0,0,29.2,5
2026-10-04T02:20:26.970Z,Colibrí Alegre 51,1-3,patron_numerico,2,perfecto,1,0,,0,0,3.5,20
2026-10-04T02:21:16.534Z,Colibrí Alegre 51,1-3,patron_numerico,2,fallido,2,0,generico,0,0,49.6,0
2026-10-04T02:21:34.051Z,Colibrí Alegre 51,1-3,patron_figuras,2,perfecto,1,0,,0,0,17.5,20
2026-10-04T02:21:37.651Z,Colibrí Alegre 51,1-3,patron_figuras,2,perfecto,1,0,,0,0,3.6,20
2026-10-04T02:22:04.393Z,Colibrí Alegre 51,1-3,patron_figuras,3,perfecto,1,0,,0,0,26.7,45
2026-10-04T02:22:42.723Z,Colibrí Alegre 51,1-3,patron_numerico,3,fallido,2,0,generico,0,0,38.3,0
2026-10-04T02:22:58.340Z,Colibrí Alegre 51,1-3,patron_numerico,3,perfecto,1,0,,0,0,15.6,30
2026-10-04T02:23:43.317Z,Colibrí Alegre 51,1-3,patron_numerico,3,con_ayuda,2,0,generico,0,0,45.0,8
2026-10-04T02:24:10.101Z,Colibrí Alegre 51,1-3,patron_numerico,3,perfecto,1,0,,0,0,26.8,30
2026-10-04T02:24:38.776Z,Colibrí Alegre 51,1-3,patron_numerico,3,con_ayuda,2,1,generico,0,0,28.7,8
2026-10-04T02:24:49.124Z,Colibrí Alegre 51,1-3,patron_figuras,3,fallido,1,0,generico,0,0,10.3,0
2026-10-04T02:25:09.821Z,Colibrí Alegre 51,1-3,patron_numerico,3,perfecto,1,0,,0,0,20.7,30
2026-10-04T02:35:28.167Z,Colibrí Alegre 51,1-4,registrar,1,perfecto,1,0,,0,0,18.3,10
2026-10-04T02:35:54.774Z,Colibrí Alegre 51,1-4,registrar,1,perfecto,1,0,,0,0,26.6,15
2026-10-04T02:36:01.670Z,Colibrí Alegre 51,1-4,registrar,2,fallido,2,0,generico,0,0,6.9,0
2026-10-04T02:36:13.679Z,Colibrí Alegre 51,1-4,registrar,2,perfecto,1,0,,0,0,12.0,20
2026-10-04T02:36:57.196Z,Colibrí Alegre 51,1-4,registrar,2,con_ayuda,2,0,generico,0,0,43.5,5
2026-10-04T02:37:21.155Z,Colibrí Alegre 51,1-4,registrar,2,perfecto,1,0,,0,0,24.0,20
2026-10-04T02:37:52.659Z,Colibrí Alegre 51,1-4,registrar,2,fallido,2,0,generico,0,0,31.5,0
2026-10-04T02:38:21.016Z,Colibrí Alegre 51,1-4,registrar,2,fallido,2,0,generico,0,0,28.4,0
2026-10-04T02:38:53.847Z,Colibrí Alegre 51,1-4,registrar,1,con_ayuda,2,0,generico,0,1,32.8,3
2026-10-04T02:39:28.081Z,Colibrí Alegre 51,1-4,registrar,1,fallido,2,0,generico,0,0,34.2,0
2026-10-04T02:39:58.642Z,Colibrí Alegre 51,1-4,registrar,1,con_ayuda,2,0,generico,0,0,30.6,3
2026-10-04T02:40:42.555Z,Colibrí Alegre 51,1-4,registrar,1,fallido,2,0,generico,0,0,43.9,0
2026-10-04T02:40:55.855Z,Colibrí Alegre 51,1-4,registrar,1,logrado,1,0,,0,1,13.3,6
2026-10-04T02:41:27.216Z,Colibrí Alegre 51,1-4,registrar,1,fallido,2,0,generico,0,0,31.4,0
2026-10-04T02:41:38.092Z,Colibrí Alegre 51,1-4,registrar,1,perfecto,1,0,,0,0,10.9,10
2026-10-04T02:41:52.945Z,Colibrí Alegre 51,1-4,registrar,1,perfecto,1,0,,0,0,14.9,10
2026-10-04T02:42:19.304Z,Colibrí Alegre 51,1-4,registrar,2,perfecto,1,0,,0,0,26.4,30
2026-10-04T02:42:41.324Z,Colibrí Alegre 51,1-4,registrar,2,perfecto,1,0,,0,0,22.0,30
2026-10-04T02:43:16.653Z,Colibrí Alegre 51,1-4,registrar,3,con_ayuda,2,0,generico,0,0,35.3,8
2026-10-04T02:44:00.316Z,Colibrí Alegre 51,1-4,registrar,3,con_ayuda,2,0,generico,0,0,43.7,8
2026-10-04T02:44:18.166Z,Colibrí Alegre 51,1-4,registrar,3,perfecto,1,0,,0,0,17.9,30
2026-10-04T02:54:46.010Z,Colibrí Alegre 51,1-J,patron_numerico,3,logrado,1,1,,0,0,27.8,18
2026-10-04T02:55:12.564Z,Colibrí Alegre 51,1-J,inclinacion,3,perfecto,1,0,,0,0,26.6,45
2026-10-04T02:55:44.971Z,Colibrí Alegre 51,1-J,equilibrar,4,con_ayuda,3,0,muy_liviana,0,0,32.4,10
2026-10-04T02:55:49.692Z,Colibrí Alegre 51,1-J,patron_numerico,4,perfecto,1,0,,0,0,4.7,40
2026-10-04T02:56:15.230Z,Colibrí Alegre 51,1-J,equilibrar,4,logrado,2,0,resultado_del_otro_lado,0,0,25.5,24
2026-10-04T02:56:30.311Z,Colibrí Alegre 51,1-J,patron_numerico,5,perfecto,1,0,,1,0,15.1,75
2026-10-04T02:56:34.109Z,Colibrí Alegre 51,1-J,registrar,5,perfecto,1,0,,0,0,3.8,75
2026-10-07T03:06:38.036Z,Búho Genial 40,1-1,inclinacion,1,fallido,1,0,direccion_opuesta,0,0,3.9,0
2026-10-07T03:07:02.496Z,Búho Genial 40,1-1,inclinacion,1,perfecto,1,0,,0,0,24.5,10
2026-10-07T03:07:10.074Z,Búho Genial 40,1-1,inclinacion,1,perfecto,1,0,,0,0,7.6,10
2026-10-07T03:07:34.737Z,Búho Genial 40,1-1,inclinacion,2,perfecto,1,0,,0,0,24.7,30
2026-10-07T03:08:00.833Z,Búho Genial 40,1-1,inclinacion,2,perfecto,1,0,,0,0,26.1,30
2026-10-07T03:08:22.357Z,Búho Genial 40,1-1,inclinacion,3,fallido,1,0,direccion_opuesta,0,0,21.5,0
2026-10-07T03:08:28.781Z,Búho Genial 40,1-1,inclinacion,3,perfecto,1,0,,0,0,6.4,30
2026-10-07T03:08:46.882Z,Búho Genial 40,1-1,inclinacion,3,fallido,1,0,desequilibrio_falso,0,0,18.1,0
2026-10-07T03:09:10.406Z,Búho Genial 40,1-1,inclinacion,3,perfecto,1,0,,0,0,23.5,30
2026-10-07T03:09:18.904Z,Búho Genial 40,1-1,inclinacion,3,fallido,1,0,desequilibrio_falso,0,0,8.5,0
2026-10-07T03:09:44.213Z,Búho Genial 40,1-1,inclinacion,3,perfecto,1,0,,0,0,25.3,30
2026-10-07T03:10:09.359Z,Búho Genial 40,1-1,inclinacion,3,perfecto,1,0,,0,0,25.1,30
2026-10-07T03:10:24.010Z,Búho Genial 40,1-1,inclinacion,4,perfecto,1,0,,0,0,14.7,60
2026-10-07T03:10:45.611Z,Búho Genial 40,1-1,inclinacion,4,fallido,1,0,direccion_opuesta,0,0,21.6,0
2026-10-07T03:11:06.483Z,Búho Genial 40,1-1,inclinacion,4,fallido,1,0,direccion_opuesta,0,0,20.9,0
2026-10-07T03:11:30.991Z,Búho Genial 40,1-1,inclinacion,3,logrado,1,0,,0,1,24.5,18
2026-10-07T03:21:48.093Z,Búho Genial 40,1-2,equilibrar,1,perfecto,1,0,,0,0,17.1,10
2026-10-07T03:22:14.285Z,Búho Genial 40,1-2,equilibrar,1,perfecto,1,0,,0,0,26.2,15
2026-10-07T03:23:03.350Z,Búho Genial 40,1-2,equilibrar,2,con_ayuda,3,0,muy_liviana,0,0,49.1,5
2026-10-07T03:23:14.187Z,Búho Genial 40,1-2,equilibrar,2,perfecto,1,0,,0,0,10.8,20
2026-10-07T03:23:41.815Z,Búho Genial 40,1-2,equilibrar,2,logrado,2,0,muy_liviana,0,0,27.6,12
2026-10-07T03:23:48.279Z,Búho Genial 40,1-2,equilibrar,3,perfecto,1,0,,0,0,6.5,45
2026-10-07T03:24:11.890Z,Búho Genial 40,1-2,equilibrar,3,perfecto,1,0,,0,0,23.6,45
2026-10-07T03:24:31.322Z,Búho Genial 40,1-2,equilibrar,4,perfecto,1,0,,0,0,19.4,80
2026-10-07T03:25:14.048Z,Búho Genial 40,1-2,equilibrar,4,con_ayuda,3,0,resultado_del_otro_lado,0,0,42.7,10
2026-10-07T03:25:30.134Z,Búho Genial 40,1-2,equilibrar,4,perfecto,1,0,,0,0,16.1,40
2026-10-07T03:25:33.171Z,Búho Genial 40,1-2,equilibrar,4,perfecto,1,0,,0,0,3.0,40
2026-10-07T03:25:58.029Z,Búho Genial 40,1-2,equilibrar,5,logrado,2,0,muy_liviana,0,0,24.9,45
2026-10-07T03:36:13.063Z,Búho Genial 40,1-3,patron_numerico,1,perfecto,1,0,,0,0,15.0,15
2026-10-07T03:36:27.978Z,Búho Genial 40,1-3,patron_figuras,1,perfecto,1,0,,0,0,14.9,20
2026-10-07T03:36:34.374Z,Búho Genial 40,1-3,patron_numerico,2,perfecto,1,0,,0,0,6.4,40
2026-10-07T03:36:53.838Z,Búho Genial 40,1-3,patron_figuras,2,fallido,1,0,patron_repite_ultimo,0,0,19.5,0
2026-10-07T03:37:20.280Z,Búho Genial 40,1-3,patron_figuras,2,fallido,1,0,generico,0,0,26.4,0
2026-10-07T03:37:31.742Z,Búho Genial 40,1-3,patron_numerico,1,logrado,1,0,,0,1,11.5,6
2026-10-07T03:37:35.638Z,Búho Genial 40,1-3,patron_numerico,1,perfecto,1,0,,0,0,3.9,10
2026-10-07T03:37:54.751Z,Búho Genial 40,1-3,patron_figuras,2,perfecto,1,0,,0,0,19.1,30
2026-10-07T03:38:20.288Z,Búho Genial 40,1-3,patron_numerico,2,fallido,2,0,generico,0,0,25.5,0
2026-10-07T03:38:34.640Z,Búho Genial 40,1-3,patron_numerico,2,perfecto,1,0,,0,0,14.4,20
2026-10-07T03:39:18.918Z,Búho Genial 40,1-3,patron_numerico,2,con_ayuda,2,0,generico,0,0,44.3,5
2026-10-07T03:39:27.732Z,Búho Genial 40,1-3,patron_numerico,2,perfecto,1,0,,0,0,8.8,20
2026-10-07T03:40:05.004Z,Búho Genial 40,1-3,patron_numerico,2,con_ayuda,2,0,generico,0,0,37.3,5
2026-10-07T03:40:21.276Z,Búho Genial 40,1-3,patron_figuras,2,fallido,1,0,generico,0,0,16.3,0
2026-10-07T03:40:44.540Z,Búho Genial 40,1-3,patron_figuras,2,fallido,1,0,generico,0,0,23.3,0
2026-10-07T03:41:06.280Z,Búho Genial 40,1-3,patron_numerico,1,logrado,1,0,,0,1,21.7,6
2026-10-07T03:41:22.719Z,Búho Genial 40,1-3,patron_figuras,1,perfecto,1,0,,0,0,16.4,10
2026-10-07T03:51:36.641Z,Búho Genial 40,1-4,registrar,1,perfecto,1,0,,0,0,13.9,15
2026-10-07T03:52:07.630Z,Búho Genial 40,1-4,registrar,1,con_ayuda,2,0,generico,0,0,31.0,3
2026-10-07T03:52:37.652Z,Búho Genial 40,1-4,registrar,1,con_ayuda,2,0,generico,0,0,30.0,3
2026-10-07T03:52:40.791Z,Búho Genial 40,1-4,registrar,1,perfecto,1,0,,0,0,3.1,10
2026-10-07T03:52:47.025Z,Búho Genial 40,1-4,registrar,1,perfecto,1,0,,0,0,6.2,10
2026-10-07T03:52:57.406Z,Búho Genial 40,1-4,registrar,2,perfecto,1,0,,0,0,10.4,30
2026-10-07T03:53:14.871Z,Búho Genial 40,1-4,registrar,2,con_ayuda,2,0,generico,0,0,17.5,5
2026-10-07T03:53:28.328Z,Búho Genial 40,1-4,registrar,2,perfecto,1,0,,0,0,13.5,20
2026-10-07T03:53:55.114Z,Búho Genial 40,1-4,registrar,2,perfecto,1,0,,0,0,26.8,20
2026-10-07T03:54:23.526Z,Búho Genial 40,1-4,registrar,3,fallido,2,0,generico,0,0,28.4,0
2026-10-07T03:54:45.610Z,Búho Genial 40,1-4,registrar,3,con_ayuda,2,0,generico,0,0,22.1,8
2026-10-07T03:54:55.385Z,Búho Genial 40,1-4,registrar,3,perfecto,1,0,,0,0,9.8,30
2026-10-07T03:55:10.228Z,Búho Genial 40,1-4,registrar,3,perfecto,1,0,,0,0,14.8,30
2026-10-07T03:55:59.838Z,Búho Genial 40,1-4,registrar,4,fallido,2,0,generico,0,0,49.6,0
2026-10-07T03:56:46.995Z,Búho Genial 40,1-4,registrar,4,con_ayuda,2,0,generico,0,0,47.2,10
2026-10-07T03:57:23.254Z,Búho Genial 40,1-4,registrar,4,con_ayuda,2,0,generico,0,0,36.3,10
2026-10-07T03:57:38.781Z,Búho Genial 40,1-4,registrar,4,fallido,2,0,generico,0,0,15.5,0
2026-10-07T03:57:46.964Z,Búho Genial 40,1-4,registrar,3,logrado,1,0,,0,1,8.2,18
2026-10-07T03:58:07.372Z,Búho Genial 40,1-4,registrar,3,con_ayuda,2,0,generico,0,0,20.4,8
2026-10-07T03:58:29.261Z,Búho Genial 40,1-4,registrar,3,con_ayuda,2,0,generico,0,0,21.9,8
2026-10-07T03:59:03.856Z,Búho Genial 40,1-4,registrar,3,fallido,2,0,generico,0,0,34.6,0
2026-10-07T03:59:29.996Z,Búho Genial 40,1-4,registrar,3,con_ayuda,2,0,generico,0,0,26.1,8
2026-10-07T04:00:06.416Z,Búho Genial 40,1-4,registrar,3,fallido,2,0,generico,0,0,36.4,0
2026-10-07T04:00:21.625Z,Búho Genial 40,1-4,registrar,2,con_ayuda,2,0,generico,0,1,15.2,5
2026-10-07T04:00:30.895Z,Búho Genial 40,1-4,registrar,2,perfecto,1,0,,0,0,9.3,20
2026-10-09T04:10:34.524Z,Búho Genial 40,1-J,equilibrar,3,perfecto,1,0,,0,0,3.6,30
2026-10-09T04:10:54.246Z,Búho Genial 40,1-J,inclinacion,3,fallido,1,0,direccion_opuesta,0,0,19.7,0
2026-10-09T04:11:19.902Z,Búho Genial 40,1-J,patron_figuras,3,perfecto,1,0,,0,0,25.7,30
2026-10-09T04:11:24.059Z,Búho Genial 40,1-J,inclinacion,3,perfecto,1,0,,0,0,4.2,30
2026-10-09T04:11:45.328Z,Búho Genial 40,1-J,equilibrar,4,logrado,2,0,muy_liviana,0,0,21.3,36
2026-10-09T04:12:13.321Z,Búho Genial 40,1-J,registrar,4,con_ayuda,2,0,generico,0,0,28.0,10
2026-10-09T04:12:39.987Z,Búho Genial 40,1-J,patron_numerico,4,con_ayuda,2,0,generico,0,0,26.7,10
2026-10-09T04:13:34.518Z,Búho Genial 40,1-J,equilibrar,4,con_ayuda,3,0,muy_liviana,0,0,54.5,10
2026-10-09T04:13:58.318Z,Búho Genial 40,1-J,inclinacion,4,fallido,1,0,direccion_opuesta,0,0,23.8,0
2026-10-09T04:14:17.999Z,Búho Genial 40,1-J,equilibrar,4,perfecto,1,0,,0,0,19.7,40
2026-10-09T04:14:53.332Z,Búho Genial 40,1-J,registrar,4,fallido,2,0,generico,0,0,35.3,0
2026-10-09T04:15:06.508Z,Búho Genial 40,1-J,equilibrar,4,perfecto,1,0,,0,0,13.2,40
2026-10-09T04:15:09.832Z,Búho Genial 40,1-J,patron_figuras,4,fallido,1,0,patron_nucleo_corto,0,0,3.3,0
2026-10-09T04:16:07.905Z,Búho Genial 40,1-J,equilibrar,4,con_ayuda,3,0,muy_liviana,0,0,58.1,10
2026-10-09T04:16:29.974Z,Búho Genial 40,1-J,registrar,4,perfecto,1,0,,0,0,22.1,40
2026-10-09T04:17:26.151Z,Búho Genial 40,1-J,equilibrar,4,con_ayuda,3,0,muy_liviana,0,0,56.2,10
2026-10-09T04:17:34.263Z,Búho Genial 40,1-J,registrar,4,perfecto,1,0,,0,0,8.1,40
2026-10-10T04:27:48.021Z,Cóndor Brillante 41,1-1,inclinacion,1,perfecto,1,0,,0,0,13.8,10
2026-10-10T04:28:03.563Z,Cóndor Brillante 41,1-1,inclinacion,1,perfecto,1,0,,0,0,15.5,10
2026-10-10T04:28:12.543Z,Cóndor Brillante 41,1-1,inclinacion,2,perfecto,1,0,,0,0,9.0,30
2026-10-10T04:28:18.465Z,Cóndor Brillante 41,1-1,inclinacion,2,perfecto,1,0,,0,0,5.9,30
2026-10-10T04:28:30.889Z,Cóndor Brillante 41,1-1,inclinacion,3,perfecto,1,0,,0,0,12.4,60
2026-10-10T04:28:53.843Z,Cóndor Brillante 41,1-1,inclinacion,3,perfecto,1,0,,0,0,23.0,60
2026-10-10T04:29:02.449Z,Cóndor Brillante 41,1-1,inclinacion,4,perfecto,1,0,,0,0,8.6,80
2026-10-10T04:29:26.605Z,Cóndor Brillante 41,1-1,inclinacion,4,fallido,1,0,desequilibrio_falso,0,0,24.2,0
2026-10-10T04:29:43.176Z,Cóndor Brillante 41,1-1,inclinacion,4,perfecto,1,0,,0,0,16.6,40
2026-10-10T04:30:05.300Z,Cóndor Brillante 41,1-1,inclinacion,4,perfecto,1,0,,0,0,22.1,40
2026-10-10T04:30:17.360Z,Cóndor Brillante 41,1-1,inclinacion,5,fallido,1,0,direccion_opuesta,1,0,12.1,0
2026-10-10T04:30:24.141Z,Cóndor Brillante 41,1-1,inclinacion,5,fallido,1,0,desequilibrio_falso,1,0,6.8,0
2026-10-10T04:30:31.999Z,Cóndor Brillante 41,1-1,inclinacion,4,fallido,1,0,direccion_opuesta,0,1,7.9,0
2026-10-10T04:30:56.763Z,Cóndor Brillante 41,1-1,inclinacion,4,logrado,1,0,,0,1,24.8,24
2026-10-10T04:41:18.838Z,Cóndor Brillante 41,1-2,equilibrar,1,perfecto,1,0,,0,0,22.1,10
2026-10-10T04:41:33.185Z,Cóndor Brillante 41,1-2,equilibrar,1,perfecto,1,0,,0,0,14.3,15
2026-10-10T04:41:52.824Z,Cóndor Brillante 41,1-2,equilibrar,2,logrado,2,0,muy_liviana,0,0,19.6,18
2026-10-10T04:41:56.774Z,Cóndor Brillante 41,1-2,equilibrar,2,perfecto,1,0,,0,0,4.0,40
2026-10-10T04:42:11.235Z,Cóndor Brillante 41,1-2,equilibrar,3,perfecto,1,0,,0,0,14.5,60
2026-10-10T04:42:26.270Z,Cóndor Brillante 41,1-2,equilibrar,3,perfecto,1,0,,0,0,15.0,60
2026-10-10T04:42:46.068Z,Cóndor Brillante 41,1-2,equilibrar,4,logrado,2,0,muy_liviana,0,0,19.8,48
2026-10-10T04:43:33.647Z,Cóndor Brillante 41,1-2,equilibrar,4,logrado,2,0,muy_liviana,0,0,47.6,48
2026-10-10T04:43:56.527Z,Cóndor Brillante 41,1-2,equilibrar,5,perfecto,1,0,,0,0,22.9,150
2026-10-10T04:44:44.731Z,Cóndor Brillante 41,1-2,equilibrar,5,con_ayuda,3,0,muy_liviana,0,0,48.2,13
2026-10-10T04:45:43.225Z,Cóndor Brillante 41,1-2,equilibrar,5,con_ayuda,3,0,muy_liviana,0,0,58.5,13
2026-10-10T04:46:12.559Z,Cóndor Brillante 41,1-2,equilibrar,5,con_ayuda,3,0,resultado_del_otro_lado,0,0,29.3,13
2026-10-10T04:47:05.375Z,Cóndor Brillante 41,1-2,equilibrar,5,con_ayuda,3,1,resultado_del_otro_lado,0,0,52.8,13
2026-10-10T04:47:21.110Z,Cóndor Brillante 41,1-2,equilibrar,5,perfecto,1,0,,0,0,15.7,50
2026-10-10T04:57:42.915Z,Cóndor Brillante 41,1-3,patron_numerico,1,con_ayuda,2,0,generico,0,0,21.8,3
2026-10-10T04:57:55.132Z,Cóndor Brillante 41,1-3,patron_figuras,1,perfecto,1,0,,0,0,12.2,10
2026-10-10T04:58:05.802Z,Cóndor Brillante 41,1-3,patron_figuras,1,perfecto,1,0,,0,0,10.7,10
2026-10-10T04:58:24.066Z,Cóndor Brillante 41,1-3,patron_figuras,2,fallido,1,0,patron_repite_ultimo,0,0,18.3,0
2026-10-10T04:58:30.539Z,Cóndor Brillante 41,1-3,patron_figuras,2,perfecto,1,0,,0,0,6.5,20
2026-10-10T04:58:47.617Z,Cóndor Brillante 41,1-3,patron_figuras,2,perfecto,1,0,,0,0,17.1,20
2026-10-10T04:59:15.675Z,Cóndor Brillante 41,1-3,patron_numerico,3,con_ayuda,2,0,generico,0,0,28.1,8
2026-10-10T04:59:37.617Z,Cóndor Brillante 41,1-3,patron_figuras,3,perfecto,1,0,,0,0,21.9,30
2026-10-10T05:00:01.976Z,Cóndor Brillante 41,1-3,patron_numerico,3,perfecto,1,0,,0,0,24.4,30
2026-10-10T05:00:22.101Z,Cóndor Brillante 41,1-3,patron_numerico,4,perfecto,1,0,,0,0,20.1,60
2026-10-10T05:00:43.361Z,Cóndor Brillante 41,1-3,patron_figuras,4,fallido,1,0,patron_nucleo_largo,0,0,21.3,0
2026-10-10T05:00:55.088Z,Cóndor Brillante 41,1-3,patron_figuras,4,perfecto,1,0,,0,0,11.7,40
2026-10-10T05:01:21.711Z,Cóndor Brillante 41,1-3,patron_numerico,4,perfecto,1,0,,0,0,26.6,40
2026-10-10T05:01:39.026Z,Cóndor Brillante 41,1-3,patron_figuras,5,fallido,1,0,patron_posicion,0,0,17.3,0
2026-10-10T05:02:10.673Z,Cóndor Brillante 41,1-3,patron_numerico,5,fallido,2,0,generico,1,0,31.6,0
2026-10-10T05:02:32.867Z,Cóndor Brillante 41,1-3,patron_numerico,4,logrado,1,0,,0,1,22.2,24
2026-10-13T05:12:56.455Z,Cóndor Brillante 41,1-4,registrar,1,perfecto,1,0,,0,0,23.6,10
2026-10-13T05:13:04.647Z,Cóndor Brillante 41,1-4,registrar,1,perfecto,1,0,,0,0,8.2,15
2026-10-13T05:13:30.085Z,Cóndor Brillante 41,1-4,registrar,2,perfecto,1,0,,0,0,25.4,30
2026-10-13T05:13:59.366Z,Cóndor Brillante 41,1-4,registrar,2,con_ayuda,2,0,generico,0,0,29.3,5
2026-10-13T05:14:16.084Z,Cóndor Brillante 41,1-4,registrar,2,perfecto,1,0,,0,0,16.7,20
2026-10-13T05:14:27.914Z,Cóndor Brillante 41,1-4,registrar,2,perfecto,1,0,,0,0,11.8,20
2026-10-13T05:14:59.926Z,Cóndor Brillante 41,1-4,registrar,3,con_ayuda,2,0,generico,0,0,32.0,8
2026-10-13T05:15:25.220Z,Cóndor Brillante 41,1-4,registrar,3,perfecto,1,0,,0,0,25.3,30
2026-10-13T05:15:47.385Z,Cóndor Brillante 41,1-4,registrar,3,con_ayuda,2,0,generico,0,0,22.2,8
2026-10-13T05:16:02.793Z,Cóndor Brillante 41,1-4,registrar,3,perfecto,1,0,,0,0,15.4,30
2026-10-13T05:16:20.677Z,Cóndor Brillante 41,1-4,registrar,3,perfecto,1,0,,0,0,17.9,30
2026-10-13T05:16:58.512Z,Cóndor Brillante 41,1-4,registrar,4,con_ayuda,2,0,generico,0,0,37.8,10
2026-10-13T05:17:36.273Z,Cóndor Brillante 41,1-4,registrar,4,fallido,2,0,generico,0,0,37.8,0
2026-10-13T05:17:40.930Z,Cóndor Brillante 41,1-4,registrar,4,perfecto,1,0,,0,0,4.7,40
2026-10-13T05:18:05.110Z,Cóndor Brillante 41,1-4,registrar,4,perfecto,1,0,,0,0,24.2,40
2026-10-13T05:28:31.568Z,Cóndor Brillante 41,1-J,patron_numerico,3,perfecto,1,0,,0,0,26.5,45
2026-10-13T05:29:10.254Z,Cóndor Brillante 41,1-J,equilibrar,3,logrado,2,0,muy_liviana,0,0,38.7,27
2026-10-13T05:29:26.386Z,Cóndor Brillante 41,1-J,inclinacion,4,fallido,1,0,direccion_opuesta,0,0,16.1,0
2026-10-13T05:30:13.082Z,Cóndor Brillante 41,1-J,equilibrar,4,con_ayuda,3,0,muy_liviana,0,0,46.7,10
2026-10-13T05:30:22.077Z,Cóndor Brillante 41,1-J,inclinacion,4,perfecto,1,0,,0,0,9.0,40
2026-10-13T05:30:55.549Z,Cóndor Brillante 41,1-J,registrar,4,fallido,2,0,generico,0,0,33.5,0
2026-10-13T05:31:09.815Z,Cóndor Brillante 41,1-J,inclinacion,4,perfecto,1,0,,0,0,14.3,40
2026-10-13T05:31:33.074Z,Cóndor Brillante 41,1-J,patron_figuras,4,perfecto,1,0,,0,0,23.3,40
2026-10-13T05:32:02.284Z,Cóndor Brillante 41,1-J,equilibrar,5,logrado,2,0,muy_liviana,0,0,29.2,45
2026-10-13T05:32:20.184Z,Cóndor Brillante 41,1-J,inclinacion,5,perfecto,1,0,,1,0,17.9,75
2026-10-13T05:42:38.263Z,Delfín Sabio 12,1-1,inclinacion,1,perfecto,1,0,,0,0,18.1,10
2026-10-13T05:42:55.810Z,Delfín Sabio 12,1-1,inclinacion,1,perfecto,1,0,,0,0,17.5,10
2026-10-13T05:43:23.202Z,Delfín Sabio 12,1-1,inclinacion,2,perfecto,1,0,,0,0,27.4,30
2026-10-13T05:43:38.530Z,Delfín Sabio 12,1-1,inclinacion,2,perfecto,1,0,,0,0,15.3,30
2026-10-13T05:43:42.329Z,Delfín Sabio 12,1-1,inclinacion,3,fallido,1,0,desequilibrio_falso,0,0,3.8,0
2026-10-13T05:44:07.599Z,Delfín Sabio 12,1-1,inclinacion,3,perfecto,1,0,,0,0,25.3,30
2026-10-13T05:44:30.183Z,Delfín Sabio 12,1-1,inclinacion,3,perfecto,1,0,,0,0,22.6,30
2026-10-13T05:44:34.045Z,Delfín Sabio 12,1-1,inclinacion,4,perfecto,1,0,,0,0,3.9,60
2026-10-13T05:44:59.715Z,Delfín Sabio 12,1-1,inclinacion,4,perfecto,1,0,,0,0,25.7,60
2026-10-13T05:45:22.394Z,Delfín Sabio 12,1-1,inclinacion,5,fallido,1,0,direccion_opuesta,1,0,22.7,0
2026-10-13T05:45:43.899Z,Delfín Sabio 12,1-1,inclinacion,5,perfecto,1,0,,1,0,21.5,50
2026-10-13T05:45:51.411Z,Delfín Sabio 12,1-1,inclinacion,5,fallido,1,0,direccion_opuesta,1,0,7.5,0
2026-10-13T05:46:02.360Z,Delfín Sabio 12,1-1,inclinacion,5,perfecto,1,0,,1,0,10.9,50
2026-10-13T05:56:15.081Z,Delfín Sabio 12,1-2,equilibrar,1,perfecto,1,0,,0,0,12.7,10
2026-10-13T05:56:44.095Z,Delfín Sabio 12,1-2,equilibrar,1,logrado,2,0,muy_liviana,0,0,29.0,9
2026-10-13T05:56:49.354Z,Delfín Sabio 12,1-2,equilibrar,2,perfecto,1,0,,0,0,5.3,30
2026-10-13T05:57:13.526Z,Delfín Sabio 12,1-2,equilibrar,2,perfecto,1,0,,0,0,24.2,40
2026-10-13T05:57:35.115Z,Delfín Sabio 12,1-2,equilibrar,3,perfecto,1,0,,0,0,21.6,60
2026-10-13T05:57:58.428Z,Delfín Sabio 12,1-2,equilibrar,3,perfecto,1,0,,0,0,23.3,60
2026-10-13T05:58:13.100Z,Delfín Sabio 12,1-2,equilibrar,4,perfecto,1,0,,0,0,14.7,80
2026-10-13T05:58:30.722Z,Delfín Sabio 12,1-2,equilibrar,4,logrado,2,0,muy_liviana,0,0,17.6,48
2026-10-13T05:59:06.742Z,Delfín Sabio 12,1-2,equilibrar,5,logrado,2,0,muy_liviana,0,0,36.0,90
2026-10-13T05:59:42.741Z,Delfín Sabio 12,1-2,equilibrar,5,logrado,2,0,muy_liviana,0,0,36.0,90
2026-10-13T06:10:07.738Z,Delfín Sabio 12,1-3,patron_figuras,1,perfecto,1,0,,0,0,25.0,30
2026-10-13T06:10:20.102Z,Delfín Sabio 12,1-3,patron_figuras,1,fallido,1,0,patron_repite_ultimo,0,0,12.4,0
2026-10-13T06:10:32.122Z,Delfín Sabio 12,1-3,patron_numerico,1,perfecto,1,0,,0,0,12.0,10
2026-10-13T06:10:50.466Z,Delfín Sabio 12,1-3,patron_figuras,1,perfecto,1,0,,0,0,18.3,10
2026-10-13T06:11:15.430Z,Delfín Sabio 12,1-3,patron_figuras,2,fallido,1,0,generico,0,0,25.0,0
2026-10-13T06:11:24.278Z,Delfín Sabio 12,1-3,patron_numerico,2,perfecto,1,0,,0,0,8.8,20
2026-10-13T06:11:51.685Z,Delfín Sabio 12,1-3,patron_figuras,2,perfecto,1,0,,0,0,27.4,20
2026-10-13T06:12:18.459Z,Delfín Sabio 12,1-3,patron_figuras,3,perfecto,1,0,,0,0,26.8,45
2026-10-13T06:12:40.972Z,Delfín Sabio 12,1-3,patron_numerico,3,fallido,2,0,generico,0,0,22.5,0
2026-10-13T06:12:56.877Z,Delfín Sabio 12,1-3,patron_numerico,3,fallido,2,0,generico,0,0,15.9,0
2026-10-13T06:13:15.963Z,Delfín Sabio 12,1-3,patron_figuras,2,logrado,1,0,,0,1,19.1,12
2026-10-13T06:13:19.070Z,Delfín Sabio 12,1-3,patron_numerico,2,perfecto,1,0,,0,0,3.1,20
2026-10-13T06:13:35.619Z,Delfín Sabio 12,1-3,patron_figuras,3,perfecto,1,0,,0,0,16.5,45
2026-10-13T06:13:57.447Z,Delfín Sabio 12,1-3,patron_numerico,3,perfecto,1,0,,0,0,21.8,45
2026-10-13T06:24:32.787Z,Delfín Sabio 12,1-4,registrar,1,con_ayuda,2,0,generico,0,0,35.3,3
2026-10-13T06:25:16.282Z,Delfín Sabio 12,1-4,registrar,1,con_ayuda,2,0,generico,0,0,43.5,3
2026-10-13T06:25:29.476Z,Delfín Sabio 12,1-4,registrar,1,perfecto,1,0,,0,0,13.2,10
2026-10-13T06:26:15.479Z,Delfín Sabio 12,1-4,registrar,1,con_ayuda,2,0,generico,0,0,46.0,3
2026-10-13T06:26:38.932Z,Delfín Sabio 12,1-4,registrar,1,con_ayuda,2,0,generico,0,0,23.5,3
2026-10-13T06:27:01.139Z,Delfín Sabio 12,1-4,registrar,1,fallido,2,0,generico,0,0,22.2,0
2026-10-13T06:27:45.146Z,Delfín Sabio 12,1-4,registrar,1,con_ayuda,2,0,generico,0,0,44.0,3
2026-10-13T06:27:55.493Z,Delfín Sabio 12,1-4,registrar,1,perfecto,1,0,,0,0,10.3,10
2026-10-13T06:28:17.627Z,Delfín Sabio 12,1-4,registrar,1,perfecto,1,0,,0,0,22.1,10
2026-10-13T06:28:20.775Z,Delfín Sabio 12,1-4,registrar,2,perfecto,1,0,,0,0,3.1,30
2026-10-13T06:28:43.721Z,Delfín Sabio 12,1-4,registrar,2,perfecto,1,0,,0,0,22.9,30
2026-10-13T06:28:56.349Z,Delfín Sabio 12,1-4,registrar,3,perfecto,1,0,,0,0,12.6,60
2026-10-13T06:29:12.776Z,Delfín Sabio 12,1-4,registrar,3,perfecto,1,0,,0,0,16.4,60
2026-10-13T06:29:43.187Z,Delfín Sabio 12,1-4,registrar,4,fallido,2,0,generico,0,0,30.4,0
2026-10-13T06:29:49.150Z,Delfín Sabio 12,1-4,registrar,4,perfecto,1,0,,0,0,6.0,40
2026-10-13T06:30:32.996Z,Delfín Sabio 12,1-4,registrar,4,con_ayuda,2,0,generico,0,0,43.8,10
2026-10-13T06:30:44.995Z,Delfín Sabio 12,1-4,registrar,4,logrado,1,1,,0,0,12.0,24
2026-10-13T06:30:59.781Z,Delfín Sabio 12,1-4,registrar,4,perfecto,1,0,,0,0,14.8,40
2026-10-13T06:41:06.547Z,Delfín Sabio 12,1-J,patron_numerico,3,perfecto,1,0,,0,0,6.8,45
2026-10-13T06:41:27.491Z,Delfín Sabio 12,1-J,registrar,3,perfecto,1,0,,0,0,20.9,45
2026-10-13T06:41:31.689Z,Delfín Sabio 12,1-J,inclinacion,4,perfecto,1,0,,0,0,4.2,80
2026-10-13T06:41:35.159Z,Delfín Sabio 12,1-J,equilibrar,4,perfecto,1,0,,0,0,3.5,80
2026-10-13T06:41:48.690Z,Delfín Sabio 12,1-J,patron_figuras,5,fallido,1,0,patron_posicion,0,0,13.5,0
2026-10-13T06:42:03.056Z,Delfín Sabio 12,1-J,inclinacion,5,perfecto,1,0,,1,0,14.4,50
2026-10-13T06:42:26.300Z,Delfín Sabio 12,1-J,patron_figuras,5,fallido,1,0,patron_posicion,0,0,23.2,0
2026-10-13T06:42:41.763Z,Delfín Sabio 12,1-J,inclinacion,5,perfecto,1,0,,1,0,15.5,50
2026-10-13T06:52:54.209Z,Zorro Alegre 19,1-1,inclinacion,1,perfecto,1,0,,0,0,12.4,10
2026-10-13T06:53:05.833Z,Zorro Alegre 19,1-1,inclinacion,1,perfecto,1,0,,0,0,11.6,10
2026-10-13T06:53:21.598Z,Zorro Alegre 19,1-1,inclinacion,2,perfecto,1,0,,0,0,15.8,30
2026-10-13T06:53:24.625Z,Zorro Alegre 19,1-1,inclinacion,2,perfecto,1,0,,0,0,3.0,30
2026-10-13T06:53:30.632Z,Zorro Alegre 19,1-1,inclinacion,3,perfecto,1,0,,0,0,6.0,60
2026-10-13T06:53:48.096Z,Zorro Alegre 19,1-1,inclinacion,3,fallido,1,0,desequilibrio_falso,0,0,17.5,0
2026-10-13T06:53:57.501Z,Zorro Alegre 19,1-1,inclinacion,3,perfecto,1,0,,0,0,9.4,30
2026-10-13T06:54:09.564Z,Zorro Alegre 19,1-1,inclinacion,3,fallido,1,0,direccion_opuesta,0,0,12.1,0
2026-10-13T06:54:13.425Z,Zorro Alegre 19,1-1,inclinacion,3,perfecto,1,0,,0,0,3.9,30
2026-10-13T06:54:18.368Z,Zorro Alegre 19,1-1,inclinacion,3,perfecto,1,0,,0,0,4.9,30
2026-10-13T06:54:42.154Z,Zorro Alegre 19,1-1,inclinacion,4,perfecto,1,0,,0,0,23.8,60
2026-10-13T06:54:59.468Z,Zorro Alegre 19,1-1,inclinacion,4,fallido,1,0,direccion_opuesta,0,0,17.3,0
2026-10-13T06:55:09.422Z,Zorro Alegre 19,1-1,inclinacion,4,fallido,1,0,direccion_opuesta,0,0,10.0,0
2026-10-13T06:55:31.355Z,Zorro Alegre 19,1-1,inclinacion,3,fallido,1,0,direccion_opuesta,0,1,21.9,0
2026-10-13T06:55:40.138Z,Zorro Alegre 19,1-1,inclinacion,3,logrado,1,0,,0,1,8.8,18
2026-10-13T07:05:50.100Z,Zorro Alegre 19,1-2,equilibrar,1,perfecto,1,0,,0,0,10.0,10
2026-10-13T07:06:21.926Z,Zorro Alegre 19,1-2,equilibrar,1,logrado,2,0,muy_liviana,0,0,31.8,9
2026-10-13T07:06:43.203Z,Zorro Alegre 19,1-2,equilibrar,2,perfecto,1,0,,0,0,21.3,30
2026-10-13T07:07:08.008Z,Zorro Alegre 19,1-2,equilibrar,2,perfecto,1,0,,0,0,24.8,40
2026-10-13T07:07:33.780Z,Zorro Alegre 19,1-2,equilibrar,3,perfecto,1,0,,0,0,25.8,60
2026-10-13T07:07:46.716Z,Zorro Alegre 19,1-2,equilibrar,3,perfecto,1,0,,0,0,12.9,60
2026-10-13T07:08:41.854Z,Zorro Alegre 19,1-2,equilibrar,4,con_ayuda,3,0,muy_liviana,0,0,55.1,10
2026-10-13T07:09:06.042Z,Zorro Alegre 19,1-2,equilibrar,4,perfecto,1,0,,0,0,24.2,40
2026-10-13T07:09:28.831Z,Zorro Alegre 19,1-2,equilibrar,4,perfecto,1,0,,0,0,22.8,40
2026-10-13T07:09:47.544Z,Zorro Alegre 19,1-2,equilibrar,5,perfecto,1,0,,0,0,18.7,75
2026-10-13T07:09:59.070Z,Zorro Alegre 19,1-2,equilibrar,5,perfecto,1,0,,0,0,11.5,75
2026-10-13T07:20:11.774Z,Zorro Alegre 19,1-3,patron_figuras,1,perfecto,1,0,,0,0,12.7,20
2026-10-13T07:20:20.037Z,Zorro Alegre 19,1-3,patron_figuras,1,perfecto,1,0,,0,0,8.3,20
2026-10-13T07:20:42.486Z,Zorro Alegre 19,1-3,patron_figuras,2,perfecto,1,0,,0,0,22.4,40
2026-10-13T07:20:47.582Z,Zorro Alegre 19,1-3,patron_numerico,2,perfecto,1,0,,0,0,5.1,40
2026-10-13T07:20:58.436Z,Zorro Alegre 19,1-3,patron_numerico,3,perfecto,1,0,,0,0,10.9,60
2026-10-13T07:21:08.814Z,Zorro Alegre 19,1-3,patron_numerico,3,perfecto,1,0,,0,0,10.4,90
2026-10-13T07:21:37.956Z,Zorro Alegre 19,1-3,patron_numerico,4,con_ayuda,2,0,generico,0,0,29.1,10
2026-10-13T07:22:22.690Z,Zorro Alegre 19,1-3,patron_numerico,4,con_ayuda,2,0,generico,0,0,44.7,10
2026-10-13T07:22:49.393Z,Zorro Alegre 19,1-3,patron_figuras,4,perfecto,1,0,,0,0,26.7,40
2026-10-13T07:23:12.103Z,Zorro Alegre 19,1-3,patron_figuras,4,perfecto,1,0,,0,0,22.7,40
2026-10-13T07:23:39.095Z,Zorro Alegre 19,1-3,patron_figuras,5,perfecto,1,0,,0,0,27.0,75
2026-10-13T07:24:20.388Z,Zorro Alegre 19,1-3,patron_numerico,5,fallido,2,0,generico,1,0,41.3,0
2026-10-13T07:24:29.052Z,Zorro Alegre 19,1-3,patron_figuras,5,perfecto,1,0,,0,0,8.7,50
2026-10-13T07:34:41.195Z,Zorro Alegre 19,1-4,registrar,1,perfecto,1,0,,0,0,12.1,10
2026-10-13T07:34:50.889Z,Zorro Alegre 19,1-4,registrar,1,perfecto,1,0,,0,0,9.7,15
2026-10-13T07:34:59.415Z,Zorro Alegre 19,1-4,registrar,2,perfecto,1,0,,0,0,8.5,30
2026-10-13T07:35:24.129Z,Zorro Alegre 19,1-4,registrar,2,perfecto,1,0,,0,0,24.7,40
2026-10-13T07:35:39.538Z,Zorro Alegre 19,1-4,registrar,3,perfecto,1,0,,0,0,15.4,60
2026-10-13T07:35:51.343Z,Zorro Alegre 19,1-4,registrar,3,perfecto,1,0,,0,0,11.8,60
2026-10-13T07:36:37.664Z,Zorro Alegre 19,1-4,registrar,4,con_ayuda,2,0,generico,0,0,46.3,10
2026-10-13T07:36:58.162Z,Zorro Alegre 19,1-4,registrar,4,con_ayuda,2,0,generico,0,0,20.5,10
2026-10-13T07:37:35.389Z,Zorro Alegre 19,1-4,registrar,4,con_ayuda,2,0,generico,0,0,37.2,10
2026-10-13T07:37:50.638Z,Zorro Alegre 19,1-4,registrar,4,perfecto,1,0,,0,0,15.2,40
2026-10-13T07:38:18.238Z,Zorro Alegre 19,1-4,registrar,4,perfecto,1,0,,0,0,27.6,40
2026-10-13T07:38:39.763Z,Zorro Alegre 19,1-4,registrar,5,perfecto,1,0,,0,0,21.5,75
2026-10-13T07:38:57.578Z,Zorro Alegre 19,1-4,registrar,5,perfecto,1,0,,0,0,17.8,75
2026-10-14T07:49:16.778Z,Zorro Alegre 19,1-J,patron_numerico,3,perfecto,1,0,,0,0,19.2,60
2026-10-14T07:49:37.304Z,Zorro Alegre 19,1-J,patron_numerico,3,perfecto,1,0,,0,0,20.5,60
2026-10-14T07:49:46.749Z,Zorro Alegre 19,1-J,equilibrar,4,perfecto,1,0,,0,0,9.4,80
2026-10-14T07:50:08.591Z,Zorro Alegre 19,1-J,registrar,4,perfecto,1,0,,0,0,21.8,80
2026-10-14T07:50:28.998Z,Zorro Alegre 19,1-J,inclinacion,5,perfecto,1,0,,1,0,20.4,100
2026-10-14T08:00:32.379Z,Delfín Veloz 65,1-1,inclinacion,1,perfecto,1,0,,0,0,3.4,10
2026-10-14T08:00:48.134Z,Delfín Veloz 65,1-1,inclinacion,1,fallido,1,0,direccion_opuesta,0,0,15.8,0
2026-10-14T08:01:04.390Z,Delfín Veloz 65,1-1,inclinacion,1,perfecto,1,0,,0,0,16.3,10
2026-10-14T08:01:18.923Z,Delfín Veloz 65,1-1,inclinacion,1,perfecto,1,0,,0,0,14.5,10
2026-10-14T08:01:24.434Z,Delfín Veloz 65,1-1,inclinacion,2,fallido,1,0,direccion_opuesta,0,0,5.5,0
2026-10-14T08:01:42.709Z,Delfín Veloz 65,1-1,inclinacion,2,fallido,1,0,direccion_opuesta,0,0,18.3,0
2026-10-14T08:01:59.080Z,Delfín Veloz 65,1-1,inclinacion,1,fallido,1,0,direccion_opuesta,0,1,16.4,0
2026-10-14T08:02:26.407Z,Delfín Veloz 65,1-1,inclinacion,1,logrado,1,0,,0,1,27.3,6
2026-10-14T08:02:48.429Z,Delfín Veloz 65,1-1,inclinacion,1,perfecto,1,0,,0,0,22.0,10
2026-10-14T08:03:08.013Z,Delfín Veloz 65,1-1,inclinacion,2,fallido,1,0,direccion_opuesta,0,0,19.6,0
2026-10-14T08:03:12.398Z,Delfín Veloz 65,1-1,inclinacion,2,perfecto,1,0,,0,0,4.4,20
2026-10-14T08:03:32.609Z,Delfín Veloz 65,1-1,inclinacion,2,perfecto,1,0,,0,0,20.2,20
2026-10-14T08:03:46.451Z,Delfín Veloz 65,1-1,inclinacion,3,perfecto,1,0,,0,0,13.8,45
2026-10-14T08:04:14.375Z,Delfín Veloz 65,1-1,inclinacion,3,perfecto,1,0,,0,0,27.9,45
2026-10-14T08:04:25.434Z,Delfín Veloz 65,1-1,inclinacion,4,perfecto,1,0,,0,0,11.1,80
2026-10-14T08:14:40.440Z,Delfín Veloz 65,1-2,equilibrar,1,perfecto,1,0,,0,0,15.0,20
2026-10-14T08:15:05.539Z,Delfín Veloz 65,1-2,equilibrar,1,perfecto,1,0,,0,0,25.1,20
2026-10-14T08:15:28.502Z,Delfín Veloz 65,1-2,equilibrar,2,perfecto,1,0,,0,0,23.0,40
2026-10-14T08:15:55.638Z,Delfín Veloz 65,1-2,equilibrar,2,perfecto,1,0,,0,0,27.1,40
2026-10-14T08:16:40.358Z,Delfín Veloz 65,1-2,equilibrar,3,logrado,2,1,muy_liviana,0,0,44.7,54
2026-10-14T08:17:15.370Z,Delfín Veloz 65,1-2,equilibrar,3,logrado,2,0,muy_liviana,0,0,35.0,54
2026-10-14T08:17:24.675Z,Delfín Veloz 65,1-2,equilibrar,4,perfecto,1,0,,0,0,9.3,120
2026-10-14T08:17:49.295Z,Delfín Veloz 65,1-2,equilibrar,4,perfecto,1,0,,0,0,24.6,120
2026-10-14T08:18:16.909Z,Delfín Veloz 65,1-2,equilibrar,5,perfecto,1,0,,0,0,27.6,150
2026-10-14T08:18:43.313Z,Delfín Veloz 65,1-2,equilibrar,5,logrado,2,0,muy_liviana,0,0,26.4,90
2026-10-17T08:28:48.771Z,Delfín Veloz 65,1-3,patron_figuras,1,perfecto,1,0,,0,0,5.5,30
2026-10-17T08:28:56.269Z,Delfín Veloz 65,1-3,patron_figuras,1,fallido,1,0,patron_repite_ultimo,0,0,7.5,0
2026-10-17T08:29:00.732Z,Delfín Veloz 65,1-3,patron_figuras,1,perfecto,1,0,,0,0,4.5,10
2026-10-17T08:29:07.268Z,Delfín Veloz 65,1-3,patron_figuras,1,perfecto,1,0,,0,0,6.5,10
2026-10-17T08:29:42.941Z,Delfín Veloz 65,1-3,patron_numerico,2,con_ayuda,2,0,generico,0,0,35.7,5
2026-10-17T08:29:51.711Z,Delfín Veloz 65,1-3,patron_figuras,2,perfecto,1,0,,0,0,8.8,20
2026-10-17T08:29:58.118Z,Delfín Veloz 65,1-3,patron_figuras,2,fallido,1,0,generico,0,0,6.4,0
2026-10-17T08:30:04.477Z,Delfín Veloz 65,1-3,patron_numerico,2,perfecto,1,0,,0,0,6.4,20
2026-10-17T08:30:38.011Z,Delfín Veloz 65,1-3,patron_numerico,2,con_ayuda,2,1,generico,0,0,33.5,5
2026-10-17T08:30:47.854Z,Delfín Veloz 65,1-3,patron_figuras,2,perfecto,1,0,,0,0,9.8,20
2026-10-17T08:31:03.390Z,Delfín Veloz 65,1-3,patron_numerico,2,fallido,2,1,generico,0,0,15.5,0
2026-10-17T08:31:16.042Z,Delfín Veloz 65,1-3,patron_figuras,2,fallido,1,0,patron_repite_ultimo,0,0,12.7,0
2026-10-17T08:31:20.441Z,Delfín Veloz 65,1-3,patron_figuras,1,fallido,1,0,patron_repite_ultimo,0,1,4.4,0
2026-10-17T08:31:28.550Z,Delfín Veloz 65,1-3,patron_figuras,1,logrado,1,0,,0,1,8.1,6
2026-10-17T08:31:36.445Z,Delfín Veloz 65,1-3,patron_figuras,1,fallido,1,0,generico,0,0,7.9,0
2026-10-17T08:31:42.871Z,Delfín Veloz 65,1-3,patron_numerico,1,logrado,1,1,,0,0,6.4,6
2026-10-17T08:31:56.399Z,Delfín Veloz 65,1-3,patron_figuras,1,perfecto,1,0,,0,0,13.5,10
2026-10-17T08:32:14.111Z,Delfín Veloz 65,1-3,patron_figuras,2,perfecto,1,0,,0,0,17.7,30
2026-10-18T08:42:38.457Z,Delfín Veloz 65,1-4,registrar,1,perfecto,1,0,,0,0,24.3,15
2026-10-18T08:43:02.713Z,Delfín Veloz 65,1-4,registrar,1,perfecto,1,0,,0,0,24.3,20
2026-10-18T08:43:38.406Z,Delfín Veloz 65,1-4,registrar,2,fallido,2,0,generico,0,0,35.7,0
2026-10-18T08:44:02.059Z,Delfín Veloz 65,1-4,registrar,2,perfecto,1,0,,0,0,23.7,20
2026-10-18T08:44:13.805Z,Delfín Veloz 65,1-4,registrar,2,con_ayuda,2,0,generico,0,0,11.7,5
2026-10-18T08:44:49.694Z,Delfín Veloz 65,1-4,registrar,2,con_ayuda,2,0,generico,0,0,35.9,5
2026-10-18T08:45:05.456Z,Delfín Veloz 65,1-4,registrar,2,perfecto,1,0,,0,0,15.8,20
2026-10-18T08:45:37.519Z,Delfín Veloz 65,1-4,registrar,2,con_ayuda,2,0,generico,0,0,32.1,5
2026-10-18T08:46:01.923Z,Delfín Veloz 65,1-4,registrar,2,perfecto,1,0,,0,0,24.4,20
2026-10-18T08:46:27.448Z,Delfín Veloz 65,1-4,registrar,2,con_ayuda,2,0,generico,0,0,25.5,5
2026-10-18T08:46:53.319Z,Delfín Veloz 65,1-4,registrar,2,perfecto,1,0,,0,0,25.9,20
2026-10-18T08:47:00.760Z,Delfín Veloz 65,1-4,registrar,2,perfecto,1,0,,0,0,7.4,20
2026-10-18T08:47:21.766Z,Delfín Veloz 65,1-4,registrar,3,perfecto,1,0,,0,0,21.0,45
2026-10-18T08:47:28.210Z,Delfín Veloz 65,1-4,registrar,3,logrado,1,1,,0,0,6.4,27
2026-10-18T08:47:58.421Z,Delfín Veloz 65,1-4,registrar,4,fallido,2,0,generico,0,0,30.2,0
2026-10-18T08:48:02.691Z,Delfín Veloz 65,1-4,registrar,4,perfecto,1,0,,0,0,4.3,40
2026-10-18T08:58:18.350Z,Delfín Veloz 65,1-J,registrar,3,perfecto,1,0,,0,0,15.7,30
2026-10-18T08:58:41.186Z,Delfín Veloz 65,1-J,equilibrar,3,perfecto,1,0,,0,0,22.8,45
2026-10-18T08:58:54.911Z,Delfín Veloz 65,1-J,patron_numerico,4,perfecto,1,0,,0,0,13.7,60
2026-10-18T08:59:08.045Z,Delfín Veloz 65,1-J,patron_numerico,4,perfecto,1,0,,0,0,13.1,80
2026-10-18T08:59:40.780Z,Delfín Veloz 65,1-J,registrar,5,fallido,2,0,generico,0,0,32.7,0
2026-10-18T08:59:59.140Z,Delfín Veloz 65,1-J,inclinacion,5,fallido,1,0,desequilibrio_falso,1,0,18.4,0
2026-10-18T09:00:19.043Z,Delfín Veloz 65,1-J,registrar,4,logrado,1,0,,0,1,19.9,24
2026-10-18T09:00:27.762Z,Delfín Veloz 65,1-J,patron_numerico,4,con_ayuda,2,0,generico,0,0,8.7,10
2026-10-18T09:00:53.009Z,Delfín Veloz 65,1-J,registrar,4,perfecto,1,0,,0,0,25.2,40
2026-10-18T09:01:20.936Z,Delfín Veloz 65,1-J,equilibrar,4,perfecto,1,0,,0,0,27.9,40
2026-10-18T09:11:33.114Z,Huemul Veloz 26,1-1,inclinacion,1,fallido,1,0,direccion_opuesta,0,0,12.2,0
2026-10-18T09:11:55.049Z,Huemul Veloz 26,1-1,inclinacion,1,perfecto,1,0,,0,0,21.9,10
2026-10-18T09:12:10.228Z,Huemul Veloz 26,1-1,inclinacion,1,perfecto,1,0,,0,0,15.2,10
2026-10-18T09:12:25.000Z,Huemul Veloz 26,1-1,inclinacion,2,fallido,1,0,direccion_opuesta,0,0,14.8,0
2026-10-18T09:12:30.871Z,Huemul Veloz 26,1-1,inclinacion,2,perfecto,1,0,,0,0,5.9,20
2026-10-18T09:12:43.308Z,Huemul Veloz 26,1-1,inclinacion,2,perfecto,1,0,,0,0,12.4,20
2026-10-18T09:13:05.884Z,Huemul Veloz 26,1-1,inclinacion,3,perfecto,1,0,,0,0,22.6,45
2026-10-18T09:13:13.054Z,Huemul Veloz 26,1-1,inclinacion,3,perfecto,1,0,,0,0,7.2,45
2026-10-18T09:13:37.579Z,Huemul Veloz 26,1-1,inclinacion,4,fallido,1,0,direccion_opuesta,0,0,24.5,0
2026-10-18T09:13:53.869Z,Huemul Veloz 26,1-1,inclinacion,4,perfecto,1,0,,0,0,16.3,40
2026-10-18T09:14:05.338Z,Huemul Veloz 26,1-1,inclinacion,4,fallido,1,0,direccion_opuesta,0,0,11.5,0
2026-10-18T09:14:21.016Z,Huemul Veloz 26,1-1,inclinacion,4,perfecto,1,0,,0,0,15.7,40
2026-10-18T09:14:33.517Z,Huemul Veloz 26,1-1,inclinacion,4,perfecto,1,0,,0,0,12.5,40
2026-10-18T09:14:53.140Z,Huemul Veloz 26,1-1,inclinacion,5,fallido,1,0,desequilibrio_falso,1,0,19.6,0
2026-10-18T09:14:59.545Z,Huemul Veloz 26,1-1,inclinacion,5,perfecto,1,0,,1,0,6.4,50
2026-10-18T09:25:03.162Z,Huemul Veloz 26,1-2,equilibrar,1,perfecto,1,0,,0,0,3.6,10
2026-10-18T09:25:18.431Z,Huemul Veloz 26,1-2,equilibrar,1,perfecto,1,0,,0,0,15.3,15
2026-10-18T09:25:28.806Z,Huemul Veloz 26,1-2,equilibrar,2,perfecto,1,0,,0,0,10.4,30
2026-10-18T09:25:32.975Z,Huemul Veloz 26,1-2,equilibrar,2,perfecto,1,0,,0,0,4.2,40
2026-10-18T09:25:53.201Z,Huemul Veloz 26,1-2,equilibrar,3,perfecto,1,0,,0,0,20.2,60
2026-10-18T09:26:13.306Z,Huemul Veloz 26,1-2,equilibrar,3,perfecto,1,0,,0,0,20.1,60
2026-10-18T09:26:21.954Z,Huemul Veloz 26,1-2,equilibrar,4,perfecto,1,0,,0,0,8.6,80
2026-10-18T09:26:34.692Z,Huemul Veloz 26,1-2,equilibrar,4,perfecto,1,0,,0,0,12.7,80
2026-10-18T09:26:42.240Z,Huemul Veloz 26,1-2,equilibrar,5,perfecto,1,0,,0,0,7.5,150
2026-10-18T09:27:07.472Z,Huemul Veloz 26,1-2,equilibrar,5,perfecto,1,0,,0,0,25.2,150
2026-10-18T09:37:19.510Z,Huemul Veloz 26,1-3,patron_figuras,1,perfecto,1,0,,0,0,12.0,30
2026-10-18T09:37:32.228Z,Huemul Veloz 26,1-3,patron_numerico,1,perfecto,1,0,,0,0,12.7,30
2026-10-18T09:37:37.513Z,Huemul Veloz 26,1-3,patron_figuras,2,perfecto,1,0,,0,0,5.3,60
2026-10-18T09:37:54.864Z,Huemul Veloz 26,1-3,patron_numerico,2,fallido,2,0,generico,0,0,17.4,0
2026-10-18T09:38:09.128Z,Huemul Veloz 26,1-3,patron_numerico,2,perfecto,1,0,,0,0,14.3,20
2026-10-18T09:38:13.126Z,Huemul Veloz 26,1-3,patron_figuras,2,perfecto,1,0,,0,0,4.0,20
2026-10-18T09:38:32.297Z,Huemul Veloz 26,1-3,patron_numerico,3,perfecto,1,0,,0,0,19.2,45
2026-10-18T09:38:53.501Z,Huemul Veloz 26,1-3,patron_numerico,3,perfecto,1,0,,0,0,21.2,45
2026-10-18T09:39:07.513Z,Huemul Veloz 26,1-3,patron_numerico,4,fallido,2,0,generico,0,0,14.0,0
2026-10-18T09:39:24.185Z,Huemul Veloz 26,1-3,patron_figuras,4,perfecto,1,0,,0,0,16.7,40
2026-10-18T09:39:47.607Z,Huemul Veloz 26,1-3,patron_figuras,4,perfecto,1,0,,0,0,23.4,40
2026-10-18T09:40:04.172Z,Huemul Veloz 26,1-3,patron_figuras,5,perfecto,1,0,,0,0,16.6,75
2026-10-18T09:50:15.149Z,Huemul Veloz 26,1-4,registrar,1,perfecto,1,0,,0,0,11.0,15
2026-10-18T09:50:22.685Z,Huemul Veloz 26,1-4,registrar,1,perfecto,1,0,,0,0,7.5,20
2026-10-18T09:50:33.463Z,Huemul Veloz 26,1-4,registrar,2,perfecto,1,0,,0,0,10.8,40
2026-10-18T09:50:59.820Z,Huemul Veloz 26,1-4,registrar,2,perfecto,1,0,,0,0,26.4,40
2026-10-18T09:51:14.082Z,Huemul Veloz 26,1-4,registrar,3,perfecto,1,0,,0,0,14.3,60
2026-10-18T09:51:19.175Z,Huemul Veloz 26,1-4,registrar,3,perfecto,1,0,,0,0,5.1,60
2026-10-18T09:51:33.771Z,Huemul Veloz 26,1-4,registrar,4,fallido,2,0,generico,0,0,14.6,0
2026-10-18T09:51:44.759Z,Huemul Veloz 26,1-4,registrar,4,perfecto,1,0,,0,0,11.0,40
2026-10-18T09:51:49.056Z,Huemul Veloz 26,1-4,registrar,4,perfecto,1,0,,0,0,4.3,40
2026-10-18T09:52:01.163Z,Huemul Veloz 26,1-4,registrar,5,perfecto,1,0,,0,0,12.1,75
2026-10-18T09:52:26.971Z,Huemul Veloz 26,1-4,registrar,5,perfecto,1,0,,0,0,25.8,75
2026-10-18T10:02:49.079Z,Huemul Veloz 26,1-J,equilibrar,3,perfecto,1,0,,0,0,22.1,60
2026-10-18T10:02:59.512Z,Huemul Veloz 26,1-J,patron_figuras,3,perfecto,1,0,,0,0,10.4,60
2026-10-18T10:03:04.563Z,Huemul Veloz 26,1-J,registrar,4,perfecto,1,0,,0,0,5.1,80
2026-10-18T10:03:08.152Z,Huemul Veloz 26,1-J,patron_figuras,4,perfecto,1,0,,0,0,3.6,80
2026-10-18T10:03:27.969Z,Huemul Veloz 26,1-J,registrar,5,perfecto,1,0,,0,0,19.8,100
2026-10-20T10:13:41.151Z,Delfín Sabio 67,1-1,inclinacion,1,perfecto,1,0,,0,0,13.2,10
2026-10-20T10:14:08.704Z,Delfín Sabio 67,1-1,inclinacion,1,fallido,1,0,direccion_opuesta,0,0,27.6,0
2026-10-20T10:14:34.454Z,Delfín Sabio 67,1-1,inclinacion,1,fallido,1,0,desequilibrio_falso,0,0,25.8,0
2026-10-20T10:14:43.062Z,Delfín Sabio 67,1-1,inclinacion,1,logrado,1,0,,0,1,8.6,6
2026-10-20T10:15:06.513Z,Delfín Sabio 67,1-1,inclinacion,1,perfecto,1,0,,0,0,23.5,10
2026-10-20T10:15:27.593Z,Delfín Sabio 67,1-1,inclinacion,2,perfecto,1,0,,0,0,21.1,30
2026-10-20T10:15:41.023Z,Delfín Sabio 67,1-1,inclinacion,2,perfecto,1,0,,0,0,13.4,30
2026-10-20T10:15:48.971Z,Delfín Sabio 67,1-1,inclinacion,3,perfecto,1,0,,0,0,7.9,60
2026-10-20T10:15:59.699Z,Delfín Sabio 67,1-1,inclinacion,3,perfecto,1,0,,0,0,10.7,60
2026-10-20T10:16:20.790Z,Delfín Sabio 67,1-1,inclinacion,4,perfecto,1,0,,0,0,21.1,80
2026-10-20T10:16:35.653Z,Delfín Sabio 67,1-1,inclinacion,4,perfecto,1,0,,0,0,14.9,80
2026-10-20T10:16:57.527Z,Delfín Sabio 67,1-1,inclinacion,5,perfecto,1,0,,1,0,21.9,100
2026-10-20T10:27:13.428Z,Delfín Sabio 67,1-2,equilibrar,1,perfecto,1,0,,0,0,15.9,30
2026-10-20T10:27:19.950Z,Delfín Sabio 67,1-2,equilibrar,1,perfecto,1,0,,0,0,6.5,30
2026-10-20T10:27:40.471Z,Delfín Sabio 67,1-2,equilibrar,2,perfecto,1,0,,0,0,20.5,60
2026-10-20T10:27:52.698Z,Delfín Sabio 67,1-2,equilibrar,2,perfecto,1,0,,0,0,12.2,60
2026-10-20T10:28:17.415Z,Delfín Sabio 67,1-2,equilibrar,3,perfecto,1,0,,0,0,24.7,90
2026-10-20T10:28:41.047Z,Delfín Sabio 67,1-2,equilibrar,3,perfecto,1,0,,0,0,23.6,90
2026-10-20T10:29:04.570Z,Delfín Sabio 67,1-2,equilibrar,4,perfecto,1,0,,0,0,23.5,120
2026-10-20T10:29:14.598Z,Delfín Sabio 67,1-2,equilibrar,4,perfecto,1,0,,0,0,10.0,120
2026-10-20T10:30:03.377Z,Delfín Sabio 67,1-2,equilibrar,5,con_ayuda,3,0,muy_liviana,0,0,48.8,13
2026-10-20T10:30:50.320Z,Delfín Sabio 67,1-2,equilibrar,5,con_ayuda,3,0,muy_liviana,0,0,46.9,13
2026-10-20T10:31:16.977Z,Delfín Sabio 67,1-2,equilibrar,5,logrado,2,0,muy_liviana,0,0,26.7,30
2026-10-20T10:31:24.462Z,Delfín Sabio 67,1-2,equilibrar,5,perfecto,1,0,,0,0,7.5,50
2026-10-20T10:41:32.066Z,Delfín Sabio 67,1-3,patron_numerico,1,perfecto,1,0,,0,0,7.6,15
2026-10-20T10:41:41.404Z,Delfín Sabio 67,1-3,patron_figuras,1,fallido,1,0,patron_repite_ultimo,0,0,9.3,0
2026-10-20T10:41:47.929Z,Delfín Sabio 67,1-3,patron_numerico,1,perfecto,1,0,,0,0,6.5,10
2026-10-20T10:42:03.453Z,Delfín Sabio 67,1-3,patron_figuras,1,perfecto,1,0,,0,0,15.5,10
2026-10-20T10:42:08.302Z,Delfín Sabio 67,1-3,patron_numerico,2,perfecto,1,0,,0,0,4.8,30
2026-10-20T10:42:23.511Z,Delfín Sabio 67,1-3,patron_numerico,2,perfecto,1,0,,0,0,15.2,30
2026-10-20T10:42:45.666Z,Delfín Sabio 67,1-3,patron_figuras,3,perfecto,1,0,,0,0,22.2,60
2026-10-20T10:43:12.182Z,Delfín Sabio 67,1-3,patron_numerico,3,con_ayuda,2,0,generico,0,0,26.5,8
2026-10-20T10:43:35.726Z,Delfín Sabio 67,1-3,patron_figuras,3,perfecto,1,0,,0,0,23.5,30
2026-10-20T10:43:51.308Z,Delfín Sabio 67,1-3,patron_numerico,3,perfecto,1,0,,0,0,15.6,30
2026-10-20T10:43:57.907Z,Delfín Sabio 67,1-3,patron_figuras,4,perfecto,1,0,,0,0,6.6,60
2026-10-20T10:44:01.309Z,Delfín Sabio 67,1-3,patron_figuras,4,perfecto,1,0,,0,0,3.4,60
2026-10-20T10:54:28.652Z,Delfín Sabio 67,1-4,registrar,1,perfecto,1,0,,0,0,27.3,20
2026-10-20T10:54:41.391Z,Delfín Sabio 67,1-4,registrar,1,perfecto,1,0,,0,0,12.7,20
2026-10-20T10:54:47.046Z,Delfín Sabio 67,1-4,registrar,2,perfecto,1,0,,0,0,5.7,40
2026-10-20T10:55:06.071Z,Delfín Sabio 67,1-4,registrar,2,perfecto,1,0,,0,0,19.0,40
2026-10-20T10:55:21.739Z,Delfín Sabio 67,1-4,registrar,3,perfecto,1,0,,0,0,15.7,60
2026-10-20T10:55:28.896Z,Delfín Sabio 67,1-4,registrar,3,perfecto,1,0,,0,0,7.2,90
2026-10-20T10:56:09.161Z,Delfín Sabio 67,1-4,registrar,4,con_ayuda,2,0,generico,0,0,40.3,10
2026-10-20T10:56:31.380Z,Delfín Sabio 67,1-4,registrar,4,perfecto,1,0,,0,0,22.2,40
2026-10-20T10:56:59.395Z,Delfín Sabio 67,1-4,registrar,4,con_ayuda,2,0,generico,0,0,28.0,10
2026-10-20T10:57:12.929Z,Delfín Sabio 67,1-4,registrar,4,perfecto,1,0,,0,0,13.5,40
2026-10-20T10:57:38.911Z,Delfín Sabio 67,1-4,registrar,4,con_ayuda,2,0,generico,0,0,26.0,10
2026-10-20T10:57:44.516Z,Delfín Sabio 67,1-4,registrar,4,perfecto,1,0,,0,0,5.6,40
2026-10-20T10:58:14.960Z,Delfín Sabio 67,1-4,registrar,4,fallido,2,0,generico,0,0,30.4,0
2026-10-20T10:58:39.391Z,Delfín Sabio 67,1-4,registrar,4,con_ayuda,2,0,generico,0,0,24.4,10
2026-10-20T10:58:43.560Z,Delfín Sabio 67,1-4,registrar,4,perfecto,1,0,,0,0,4.2,40
2026-10-20T11:09:08.268Z,Delfín Sabio 67,1-J,registrar,3,perfecto,1,0,,0,0,24.7,30
2026-10-20T11:09:33.436Z,Delfín Sabio 67,1-J,equilibrar,3,logrado,1,1,,0,0,25.2,27
2026-10-20T11:10:00.785Z,Delfín Sabio 67,1-J,inclinacion,4,fallido,1,0,direccion_opuesta,0,0,27.3,0
2026-10-20T11:10:41.231Z,Delfín Sabio 67,1-J,equilibrar,4,logrado,2,0,muy_liviana,0,0,40.4,24
2026-10-20T11:11:07.802Z,Delfín Sabio 67,1-J,registrar,4,perfecto,1,0,,0,0,26.6,40
2026-10-20T11:11:11.715Z,Delfín Sabio 67,1-J,patron_figuras,5,perfecto,1,0,,0,0,3.9,75
2026-10-20T11:11:26.566Z,Delfín Sabio 67,1-J,registrar,5,perfecto,1,0,,0,0,14.9,75
2026-10-20T11:11:55.378Z,Delfín Sabio 67,1-J,patron_numerico,5,con_ayuda,2,0,generico,1,0,28.8,13
2026-10-20T11:12:01.336Z,Delfín Sabio 67,1-J,registrar,5,perfecto,1,0,,0,0,6.0,50
2026-10-22T11:22:14.916Z,Zorro Alegre 83,1-1,inclinacion,1,perfecto,1,0,,0,0,13.6,10
2026-10-22T11:22:22.503Z,Zorro Alegre 83,1-1,inclinacion,1,perfecto,1,0,,0,0,7.6,10
2026-10-22T11:22:25.511Z,Zorro Alegre 83,1-1,inclinacion,2,perfecto,1,0,,0,0,3.0,30
2026-10-22T11:22:36.911Z,Zorro Alegre 83,1-1,inclinacion,2,fallido,1,0,direccion_opuesta,0,0,11.4,0
2026-10-22T11:22:43.411Z,Zorro Alegre 83,1-1,inclinacion,2,fallido,1,0,direccion_opuesta,0,0,6.5,0
2026-10-22T11:22:57.002Z,Zorro Alegre 83,1-1,inclinacion,1,logrado,1,0,,0,1,13.6,6
2026-10-22T11:23:08.293Z,Zorro Alegre 83,1-1,inclinacion,1,fallido,1,0,direccion_opuesta,0,0,11.3,0
2026-10-22T11:23:34.775Z,Zorro Alegre 83,1-1,inclinacion,1,perfecto,1,0,,0,0,26.5,10
2026-10-22T11:23:38.405Z,Zorro Alegre 83,1-1,inclinacion,1,perfecto,1,0,,0,0,3.6,10
2026-10-22T11:23:53.115Z,Zorro Alegre 83,1-1,inclinacion,2,perfecto,1,0,,0,0,14.7,30
2026-10-22T11:24:08.796Z,Zorro Alegre 83,1-1,inclinacion,2,fallido,1,0,direccion_opuesta,0,0,15.7,0
2026-10-22T11:24:32.555Z,Zorro Alegre 83,1-1,inclinacion,2,perfecto,1,0,,0,0,23.8,20
2026-10-22T11:24:58.161Z,Zorro Alegre 83,1-1,inclinacion,2,fallido,1,0,desequilibrio_falso,0,0,25.6,0
2026-10-22T11:25:07.606Z,Zorro Alegre 83,1-1,inclinacion,2,fallido,1,0,direccion_opuesta,0,0,9.4,0
2026-10-22T11:25:20.472Z,Zorro Alegre 83,1-1,inclinacion,1,logrado,1,0,,0,1,12.9,6
2026-10-22T11:25:35.215Z,Zorro Alegre 83,1-1,inclinacion,1,fallido,1,0,direccion_opuesta,0,0,14.7,0
2026-10-22T11:25:49.051Z,Zorro Alegre 83,1-1,inclinacion,1,perfecto,1,0,,0,0,13.8,10
2026-10-22T11:36:00.969Z,Zorro Alegre 83,1-2,equilibrar,1,perfecto,1,0,,0,0,11.9,10
2026-10-22T11:36:17.726Z,Zorro Alegre 83,1-2,equilibrar,1,perfecto,1,0,,0,0,16.8,15
2026-10-22T11:36:29.129Z,Zorro Alegre 83,1-2,equilibrar,2,perfecto,1,0,,0,0,11.4,30
2026-10-22T11:36:47.629Z,Zorro Alegre 83,1-2,equilibrar,2,logrado,2,0,resultado_del_otro_lado,0,0,18.5,24
2026-10-22T11:36:55.136Z,Zorro Alegre 83,1-2,equilibrar,3,perfecto,1,0,,0,0,7.5,60
2026-10-22T11:37:21.486Z,Zorro Alegre 83,1-2,equilibrar,3,perfecto,1,0,,0,0,26.4,60
2026-10-22T11:37:48.240Z,Zorro Alegre 83,1-2,equilibrar,4,logrado,2,0,resultado_del_otro_lado,0,0,26.8,48
2026-10-22T11:38:24.224Z,Zorro Alegre 83,1-2,equilibrar,4,logrado,2,0,resultado_del_otro_lado,0,0,36.0,48
2026-10-22T11:39:27.828Z,Zorro Alegre 83,1-2,equilibrar,5,con_ayuda,3,0,resultado_del_otro_lado,0,0,63.6,13
2026-10-22T11:39:51.028Z,Zorro Alegre 83,1-2,equilibrar,5,con_ayuda,3,0,resultado_del_otro_lado,0,0,23.2,13
2026-10-22T11:40:08.991Z,Zorro Alegre 83,1-2,equilibrar,5,perfecto,1,0,,0,0,18.0,50
2026-10-22T11:40:51.858Z,Zorro Alegre 83,1-2,equilibrar,5,con_ayuda,3,0,resultado_del_otro_lado,0,0,42.9,13
2026-10-22T11:41:08.438Z,Zorro Alegre 83,1-2,equilibrar,5,perfecto,1,0,,0,0,16.6,50
2026-10-22T11:51:22.356Z,Zorro Alegre 83,1-3,patron_figuras,1,perfecto,1,0,,0,0,13.9,10
2026-10-22T11:51:32.697Z,Zorro Alegre 83,1-3,patron_figuras,1,fallido,1,0,generico,0,0,10.3,0
2026-10-22T11:51:44.466Z,Zorro Alegre 83,1-3,patron_figuras,1,logrado,1,1,,0,0,11.8,6
2026-10-22T11:51:56.283Z,Zorro Alegre 83,1-3,patron_figuras,1,fallido,1,0,patron_repite_ultimo,0,0,11.8,0
2026-10-22T11:52:12.765Z,Zorro Alegre 83,1-3,patron_numerico,1,fallido,2,0,generico,0,0,16.5,0
2026-10-22T11:52:44.145Z,Zorro Alegre 83,1-3,patron_numerico,1,fallido,2,0,generico,0,1,31.4,0
2026-10-22T11:52:53.350Z,Zorro Alegre 83,1-3,patron_numerico,1,logrado,1,0,,0,1,9.2,6
2026-10-22T11:53:06.575Z,Zorro Alegre 83,1-3,patron_figuras,1,fallido,1,0,patron_repite_ultimo,0,0,13.2,0
2026-10-22T11:53:27.672Z,Zorro Alegre 83,1-3,patron_figuras,1,fallido,1,1,generico,0,0,21.1,0
2026-10-22T11:54:16.176Z,Zorro Alegre 83,1-3,patron_numerico,1,fallido,2,0,generico,0,1,48.5,0
2026-10-22T11:54:21.811Z,Zorro Alegre 83,1-3,patron_figuras,1,fallido,1,0,patron_repite_ultimo,0,1,5.6,0
2026-10-22T11:54:54.821Z,Zorro Alegre 83,1-3,patron_numerico,1,fallido,2,0,generico,0,1,33.0,0
2026-10-22T11:55:13.512Z,Zorro Alegre 83,1-3,patron_numerico,1,logrado,1,0,,0,1,18.7,6
2026-10-22T11:55:26.493Z,Zorro Alegre 83,1-3,patron_figuras,1,perfecto,1,0,,0,0,13.0,10
2026-10-22T11:55:51.188Z,Zorro Alegre 83,1-3,patron_figuras,2,perfecto,1,0,,0,0,24.7,30
2026-10-22T11:56:07.591Z,Zorro Alegre 83,1-3,patron_figuras,2,fallido,1,0,generico,0,0,16.4,0
2026-10-22T11:57:01.549Z,Zorro Alegre 83,1-3,patron_numerico,2,con_ayuda,2,0,generico,0,0,54.0,5
2026-10-22T11:57:13.793Z,Zorro Alegre 83,1-3,patron_numerico,2,perfecto,1,0,,0,0,12.2,20
2026-10-22T11:57:21.334Z,Zorro Alegre 83,1-3,patron_figuras,2,fallido,1,0,generico,0,0,7.5,0
2026-10-22T11:57:38.381Z,Zorro Alegre 83,1-3,patron_figuras,2,perfecto,1,0,,0,0,17.0,20
2026-10-22T11:58:04.741Z,Zorro Alegre 83,1-3,patron_numerico,2,perfecto,1,0,,0,0,26.4,20
2026-10-22T11:58:26.022Z,Zorro Alegre 83,1-3,patron_figuras,3,fallido,1,0,generico,0,0,21.3,0
2026-10-22T11:58:59.299Z,Zorro Alegre 83,1-3,patron_numerico,3,fallido,2,1,generico,0,0,33.3,0
2026-10-22T11:59:10.099Z,Zorro Alegre 83,1-3,patron_figuras,2,logrado,1,0,,0,1,10.8,12
2026-10-24T12:09:54.889Z,Zorro Alegre 83,1-4,registrar,1,con_ayuda,2,0,generico,0,0,44.8,3
2026-10-24T12:09:58.036Z,Zorro Alegre 83,1-4,registrar,1,perfecto,1,0,,0,0,3.1,10
2026-10-24T12:10:29.556Z,Zorro Alegre 83,1-4,registrar,1,con_ayuda,2,0,generico,0,0,31.5,3
2026-10-24T12:10:36.737Z,Zorro Alegre 83,1-4,registrar,1,perfecto,1,0,,0,0,7.2,10
2026-10-24T12:10:58.558Z,Zorro Alegre 83,1-4,registrar,1,perfecto,1,0,,0,0,21.8,10
2026-10-24T12:11:18.336Z,Zorro Alegre 83,1-4,registrar,2,perfecto,1,0,,0,0,19.8,30
2026-10-24T12:11:34.930Z,Zorro Alegre 83,1-4,registrar,2,perfecto,1,0,,0,0,16.6,30
2026-10-24T12:12:01.741Z,Zorro Alegre 83,1-4,registrar,3,perfecto,1,0,,0,0,26.8,60
2026-10-24T12:12:47.888Z,Zorro Alegre 83,1-4,registrar,3,fallido,2,0,generico,0,0,46.1,0
2026-10-24T12:13:08.289Z,Zorro Alegre 83,1-4,registrar,3,fallido,2,0,generico,0,0,20.4,0
2026-10-24T12:13:41.521Z,Zorro Alegre 83,1-4,registrar,2,fallido,2,0,generico,0,1,33.2,0
2026-10-24T12:13:51.812Z,Zorro Alegre 83,1-4,registrar,2,logrado,1,0,,0,1,10.3,12
2026-10-24T12:14:03.999Z,Zorro Alegre 83,1-4,registrar,2,perfecto,1,0,,0,0,12.2,20
2026-10-24T12:14:48.575Z,Zorro Alegre 83,1-4,registrar,3,con_ayuda,2,0,generico,0,0,44.6,8
2026-10-24T12:15:19.244Z,Zorro Alegre 83,1-4,registrar,3,fallido,2,0,generico,0,0,30.7,0
2026-10-24T12:15:42.304Z,Zorro Alegre 83,1-4,registrar,3,perfecto,1,0,,0,0,23.1,30
2026-10-24T12:15:58.979Z,Zorro Alegre 83,1-4,registrar,3,perfecto,1,0,,0,0,16.7,30
2026-10-26T12:26:02.522Z,Zorro Alegre 83,1-J,patron_figuras,3,perfecto,1,0,,0,0,3.5,45
2026-10-26T12:26:29.869Z,Zorro Alegre 83,1-J,equilibrar,3,perfecto,1,0,,0,0,27.3,45
2026-10-26T12:26:44.614Z,Zorro Alegre 83,1-J,inclinacion,4,fallido,1,0,direccion_opuesta,0,0,14.7,0
2026-10-26T12:27:11.357Z,Zorro Alegre 83,1-J,patron_numerico,4,perfecto,1,0,,0,0,26.7,40
2026-10-26T12:27:48.588Z,Zorro Alegre 83,1-J,patron_numerico,4,fallido,2,0,generico,0,0,37.2,0
2026-10-26T12:27:55.740Z,Zorro Alegre 83,1-J,inclinacion,4,perfecto,1,0,,0,0,7.2,40
2026-10-26T12:28:48.292Z,Zorro Alegre 83,1-J,equilibrar,4,con_ayuda,3,0,resultado_del_otro_lado,0,0,52.6,10
2026-10-26T12:29:02.155Z,Zorro Alegre 83,1-J,patron_figuras,4,fallido,1,0,patron_nucleo_corto,0,0,13.9,0
2026-10-26T12:29:05.392Z,Zorro Alegre 83,1-J,inclinacion,4,perfecto,1,0,,0,0,3.2,40
2026-10-26T12:29:32.536Z,Zorro Alegre 83,1-J,registrar,4,con_ayuda,2,0,generico,0,0,27.1,10
2026-10-26T12:29:48.210Z,Zorro Alegre 83,1-J,equilibrar,4,logrado,2,0,resultado_del_otro_lado,0,0,15.7,24
2026-10-26T12:30:13.583Z,Zorro Alegre 83,1-J,inclinacion,4,perfecto,1,0,,0,0,25.4,40
2026-10-26T12:40:37.194Z,Huemul Brillante 71,1-1,inclinacion,1,perfecto,1,0,,0,0,23.6,10
2026-10-26T12:40:52.603Z,Huemul Brillante 71,1-1,inclinacion,1,fallido,1,0,direccion_opuesta,0,0,15.4,0
2026-10-26T12:41:05.423Z,Huemul Brillante 71,1-1,inclinacion,1,perfecto,1,0,,0,0,12.8,10
2026-10-26T12:41:23.167Z,Huemul Brillante 71,1-1,inclinacion,1,perfecto,1,0,,0,0,17.7,10
2026-10-26T12:41:49.971Z,Huemul Brillante 71,1-1,inclinacion,2,perfecto,1,0,,0,0,26.8,30
2026-10-26T12:42:06.992Z,Huemul Brillante 71,1-1,inclinacion,2,fallido,1,0,desequilibrio_falso,0,0,17.0,0
2026-10-26T12:42:16.344Z,Huemul Brillante 71,1-1,inclinacion,2,perfecto,1,0,,0,0,9.4,20
2026-10-26T12:42:41.711Z,Huemul Brillante 71,1-1,inclinacion,2,fallido,1,0,direccion_opuesta,0,0,25.4,0
2026-10-26T12:42:53.344Z,Huemul Brillante 71,1-1,inclinacion,2,fallido,1,0,direccion_opuesta,0,0,11.6,0
2026-10-26T12:43:11.193Z,Huemul Brillante 71,1-1,inclinacion,1,logrado,1,0,,0,1,17.8,6
2026-10-26T12:43:28.424Z,Huemul Brillante 71,1-1,inclinacion,1,logrado,1,1,,0,0,17.2,6
2026-10-26T12:43:36.659Z,Huemul Brillante 71,1-1,inclinacion,2,perfecto,1,0,,0,0,8.2,30
2026-10-26T12:43:53.256Z,Huemul Brillante 71,1-1,inclinacion,2,perfecto,1,0,,0,0,16.6,30
2026-10-26T12:44:13.623Z,Huemul Brillante 71,1-1,inclinacion,3,perfecto,1,0,,0,0,20.4,60
2026-10-26T12:54:30.279Z,Huemul Brillante 71,1-2,equilibrar,1,perfecto,1,0,,0,0,16.7,20
2026-10-26T12:54:34.041Z,Huemul Brillante 71,1-2,equilibrar,1,perfecto,1,0,,0,0,3.8,20
2026-10-26T12:55:07.986Z,Huemul Brillante 71,1-2,equilibrar,2,logrado,2,0,muy_liviana,0,0,33.9,24
2026-10-26T12:55:16.660Z,Huemul Brillante 71,1-2,equilibrar,2,perfecto,1,0,,0,0,8.7,40
2026-10-26T12:55:20.971Z,Huemul Brillante 71,1-2,equilibrar,3,perfecto,1,0,,0,0,4.3,90
2026-10-26T12:55:30.307Z,Huemul Brillante 71,1-2,equilibrar,3,perfecto,1,0,,0,0,9.3,90
2026-10-26T12:55:57.323Z,Huemul Brillante 71,1-2,equilibrar,4,logrado,2,0,muy_liviana,0,0,27.0,72
2026-10-26T12:56:17.008Z,Huemul Brillante 71,1-2,equilibrar,4,logrado,2,0,muy_liviana,0,0,19.7,72
2026-10-26T12:57:13.150Z,Huemul Brillante 71,1-2,equilibrar,5,con_ayuda,3,0,muy_liviana,0,0,56.1,13
2026-10-26T12:57:39.559Z,Huemul Brillante 71,1-2,equilibrar,5,con_ayuda,3,0,muy_liviana,0,0,26.4,13
2026-10-26T12:57:43.816Z,Huemul Brillante 71,1-2,equilibrar,5,perfecto,1,0,,0,0,4.3,50
2026-10-26T12:58:03.436Z,Huemul Brillante 71,1-2,equilibrar,5,perfecto,1,0,,0,0,19.6,50
2026-10-26T13:08:31.364Z,Huemul Brillante 71,1-3,patron_figuras,1,perfecto,1,0,,0,0,27.9,15
2026-10-26T13:08:40.699Z,Huemul Brillante 71,1-3,patron_figuras,1,perfecto,1,0,,0,0,9.3,15
2026-10-26T13:08:47.124Z,Huemul Brillante 71,1-3,patron_figuras,2,fallido,1,0,generico,0,0,6.4,0
2026-10-26T13:09:11.356Z,Huemul Brillante 71,1-3,patron_figuras,2,perfecto,1,0,,0,0,24.2,20
2026-10-26T13:09:24.700Z,Huemul Brillante 71,1-3,patron_numerico,2,perfecto,1,0,,0,0,13.3,20
2026-10-26T13:09:27.958Z,Huemul Brillante 71,1-3,patron_figuras,3,fallido,1,0,patron_posicion,0,0,3.3,0
2026-10-26T13:09:33.570Z,Huemul Brillante 71,1-3,patron_numerico,3,perfecto,1,0,,0,0,5.6,30
2026-10-26T13:09:45.019Z,Huemul Brillante 71,1-3,patron_numerico,3,fallido,2,0,generico,0,0,11.4,0
2026-10-26T13:10:22.168Z,Huemul Brillante 71,1-3,patron_numerico,3,fallido,2,0,generico,0,0,37.1,0
2026-10-26T13:10:28.897Z,Huemul Brillante 71,1-3,patron_figuras,2,logrado,1,0,,0,1,6.7,12
2026-10-26T13:10:56.803Z,Huemul Brillante 71,1-3,patron_figuras,2,perfecto,1,0,,0,0,27.9,20
2026-10-26T13:11:11.606Z,Huemul Brillante 71,1-3,patron_numerico,3,perfecto,1,0,,0,0,14.8,45
2026-10-26T13:11:42.861Z,Huemul Brillante 71,1-3,patron_numerico,3,fallido,2,0,generico,0,0,31.3,0
2026-10-26T13:12:07.132Z,Huemul Brillante 71,1-3,patron_figuras,3,fallido,1,0,generico,0,0,24.3,0
2026-10-26T13:12:18.038Z,Huemul Brillante 71,1-3,patron_figuras,2,logrado,1,0,,0,1,10.9,12
2026-10-26T13:12:41.526Z,Huemul Brillante 71,1-3,patron_numerico,2,perfecto,1,0,,0,0,23.5,20
2026-10-26T13:22:56.679Z,Huemul Brillante 71,1-4,registrar,1,perfecto,1,0,,0,0,15.2,15
2026-10-26T13:23:30.732Z,Huemul Brillante 71,1-4,registrar,1,con_ayuda,2,0,generico,0,0,34.1,3
2026-10-26T13:23:38.301Z,Huemul Brillante 71,1-4,registrar,1,perfecto,1,0,,0,0,7.6,10
2026-10-26T13:23:44.127Z,Huemul Brillante 71,1-4,registrar,1,perfecto,1,0,,0,0,5.8,10
2026-10-26T13:23:53.925Z,Huemul Brillante 71,1-4,registrar,2,perfecto,1,0,,0,0,9.8,30
2026-10-26T13:24:12.690Z,Huemul Brillante 71,1-4,registrar,2,perfecto,1,0,,0,0,18.8,30
2026-10-26T13:24:24.023Z,Huemul Brillante 71,1-4,registrar,3,perfecto,1,0,,0,0,11.3,60
2026-10-26T13:24:35.443Z,Huemul Brillante 71,1-4,registrar,3,perfecto,1,0,,0,0,11.4,60
2026-10-26T13:25:04.894Z,Huemul Brillante 71,1-4,registrar,4,fallido,2,0,generico,0,0,29.5,0
2026-10-26T13:25:40.260Z,Huemul Brillante 71,1-4,registrar,4,con_ayuda,2,0,generico,0,0,35.4,10
2026-10-26T13:25:52.476Z,Huemul Brillante 71,1-4,registrar,4,perfecto,1,0,,0,0,12.2,40
2026-10-26T13:26:23.835Z,Huemul Brillante 71,1-4,registrar,4,fallido,2,0,generico,0,0,31.4,0
2026-10-26T13:26:28.137Z,Huemul Brillante 71,1-4,registrar,4,perfecto,1,0,,0,0,4.3,40
2026-10-26T13:27:03.926Z,Huemul Brillante 71,1-4,registrar,4,fallido,2,0,generico,0,0,35.8,0
2026-10-26T13:27:37.723Z,Huemul Brillante 71,1-4,registrar,4,con_ayuda,2,0,generico,0,0,33.8,10
2026-10-26T13:27:48.321Z,Huemul Brillante 71,1-4,registrar,4,perfecto,1,0,,0,0,10.6,40
2026-10-26T13:38:06.636Z,Huemul Brillante 71,1-J,registrar,3,con_ayuda,2,0,generico,0,0,18.3,8
2026-10-26T13:38:20.702Z,Huemul Brillante 71,1-J,patron_numerico,3,perfecto,1,0,,0,0,14.1,30
2026-10-26T13:38:29.408Z,Huemul Brillante 71,1-J,patron_figuras,3,perfecto,1,0,,0,0,8.7,30
2026-10-26T13:38:48.171Z,Huemul Brillante 71,1-J,equilibrar,4,logrado,2,0,muy_liviana,0,0,18.8,36
2026-10-26T13:38:57.121Z,Huemul Brillante 71,1-J,registrar,4,perfecto,1,0,,0,0,8.9,60
2026-10-26T13:39:22.299Z,Huemul Brillante 71,1-J,inclinacion,5,fallido,1,0,direccion_opuesta,1,0,25.2,0
2026-10-26T13:39:39.224Z,Huemul Brillante 71,1-J,equilibrar,5,perfecto,1,0,,0,0,16.9,50
2026-10-26T13:39:57.558Z,Huemul Brillante 71,1-J,registrar,5,con_ayuda,2,0,generico,0,0,18.3,13
2026-10-26T13:40:25.507Z,Huemul Brillante 71,1-J,equilibrar,5,logrado,2,0,resultado_del_otro_lado,0,0,27.9,30
2026-10-26T13:40:39.165Z,Huemul Brillante 71,1-J,registrar,5,fallido,2,0,generico,0,0,13.7,0
2026-10-26T13:40:57.346Z,Huemul Brillante 71,1-J,inclinacion,5,fallido,1,0,direccion_opuesta,1,0,18.2,0
2026-10-26T13:41:38.056Z,Huemul Brillante 71,1-J,registrar,4,fallido,2,0,generico,0,1,40.7,0
2026-10-26T13:41:42.561Z,Huemul Brillante 71,1-J,equilibrar,4,logrado,1,0,,0,1,4.5,24
2026-10-26T13:42:06.998Z,Huemul Brillante 71,1-J,patron_figuras,4,fallido,1,0,patron_nucleo_largo,0,0,24.4,0
2026-10-26T13:42:17.054Z,Huemul Brillante 71,1-J,registrar,4,perfecto,1,0,,0,0,10.1,40
2026-10-26T13:42:41.715Z,Huemul Brillante 71,1-J,inclinacion,4,perfecto,1,0,,0,0,24.7,40
2026-10-26T13:52:49.236Z,Pudú Genial 69,1-1,inclinacion,1,perfecto,1,0,,0,0,7.5,10
2026-10-26T13:53:13.775Z,Pudú Genial 69,1-1,inclinacion,1,perfecto,1,0,,0,0,24.5,10
2026-10-26T13:53:25.524Z,Pudú Genial 69,1-1,inclinacion,2,fallido,1,0,desequilibrio_falso,0,0,11.7,0
2026-10-26T13:53:30.171Z,Pudú Genial 69,1-1,inclinacion,2,fallido,1,0,desequilibrio_falso,0,0,4.6,0
2026-10-26T13:53:33.729Z,Pudú Genial 69,1-1,inclinacion,1,logrado,1,0,,0,1,3.6,6
2026-10-26T13:53:43.880Z,Pudú Genial 69,1-1,inclinacion,1,fallido,1,0,direccion_opuesta,0,0,10.2,0
2026-10-26T13:54:11.569Z,Pudú Genial 69,1-1,inclinacion,1,perfecto,1,0,,0,0,27.7,10
2026-10-26T13:54:26.381Z,Pudú Genial 69,1-1,inclinacion,1,perfecto,1,0,,0,0,14.8,10
2026-10-26T13:54:34.032Z,Pudú Genial 69,1-1,inclinacion,2,fallido,1,0,direccion_opuesta,0,0,7.7,0
2026-10-26T13:54:44.474Z,Pudú Genial 69,1-1,inclinacion,2,fallido,1,0,desequilibrio_falso,0,0,10.4,0
2026-10-26T13:54:48.944Z,Pudú Genial 69,1-1,inclinacion,1,logrado,1,0,,0,1,4.5,6
2026-10-26T13:54:59.170Z,Pudú Genial 69,1-1,inclinacion,1,perfecto,1,0,,0,0,10.2,10
2026-10-26T13:55:24.516Z,Pudú Genial 69,1-1,inclinacion,2,fallido,1,0,direccion_opuesta,0,0,25.3,0
2026-10-26T13:55:46.797Z,Pudú Genial 69,1-1,inclinacion,2,perfecto,1,0,,0,0,22.3,20
2026-10-26T13:56:07.619Z,Pudú Genial 69,1-1,inclinacion,2,fallido,1,0,direccion_opuesta,0,0,20.8,0
2026-10-26T13:56:20.438Z,Pudú Genial 69,1-1,inclinacion,2,perfecto,1,0,,0,0,12.8,20
2026-10-26T13:56:34.798Z,Pudú Genial 69,1-1,inclinacion,2,perfecto,1,0,,0,0,14.4,20
2026-10-26T14:06:53.132Z,Pudú Genial 69,1-2,equilibrar,1,perfecto,1,0,,0,0,18.3,15
2026-10-26T14:07:00.893Z,Pudú Genial 69,1-2,equilibrar,1,perfecto,1,0,,0,0,7.8,15
2026-10-26T14:07:38.213Z,Pudú Genial 69,1-2,equilibrar,2,con_ayuda,3,0,muy_liviana,0,0,37.3,5
2026-10-26T14:08:04.862Z,Pudú Genial 69,1-2,equilibrar,2,perfecto,1,0,,0,0,26.6,20
2026-10-26T14:08:31.460Z,Pudú Genial 69,1-2,equilibrar,2,logrado,1,1,,0,0,26.6,12
2026-10-26T14:08:40.502Z,Pudú Genial 69,1-2,equilibrar,3,perfecto,1,0,,0,0,9.0,45
2026-10-26T14:08:52.972Z,Pudú Genial 69,1-2,equilibrar,3,perfecto,1,0,,0,0,12.5,45
2026-10-26T14:08:58.027Z,Pudú Genial 69,1-2,equilibrar,4,perfecto,1,0,,0,0,5.1,80
2026-10-26T14:09:46.825Z,Pudú Genial 69,1-2,equilibrar,4,logrado,2,0,muy_liviana,0,0,48.8,48
2026-10-26T14:10:10.113Z,Pudú Genial 69,1-2,equilibrar,5,perfecto,1,0,,0,0,23.3,100
2026-10-26T14:10:32.135Z,Pudú Genial 69,1-2,equilibrar,5,perfecto,1,0,,0,0,22.0,100
2026-10-26T14:20:59.662Z,Pudú Genial 69,1-3,patron_figuras,1,perfecto,1,0,,0,0,27.5,20
2026-10-26T14:21:35.182Z,Pudú Genial 69,1-3,patron_numerico,1,con_ayuda,2,0,generico,0,0,35.5,3
2026-10-26T14:21:41.450Z,Pudú Genial 69,1-3,patron_numerico,1,perfecto,1,0,,0,0,6.3,10
2026-10-26T14:22:10.772Z,Pudú Genial 69,1-3,patron_numerico,1,con_ayuda,2,0,generico,0,0,29.3,3
2026-10-26T14:22:22.222Z,Pudú Genial 69,1-3,patron_figuras,1,perfecto,1,0,,0,0,11.4,10
2026-10-26T14:22:34.387Z,Pudú Genial 69,1-3,patron_numerico,1,perfecto,1,0,,0,0,12.2,10
2026-10-26T14:22:43.197Z,Pudú Genial 69,1-3,patron_figuras,2,fallido,1,0,generico,0,0,8.8,0
2026-10-26T14:22:51.463Z,Pudú Genial 69,1-3,patron_figuras,2,perfecto,1,0,,0,0,8.3,20
2026-10-26T14:23:14.418Z,Pudú Genial 69,1-3,patron_numerico,2,perfecto,1,0,,0,0,23.0,20
2026-10-26T14:23:21.354Z,Pudú Genial 69,1-3,patron_figuras,3,fallido,1,0,patron_posicion,0,0,6.9,0
2026-10-26T14:23:33.351Z,Pudú Genial 69,1-3,patron_figuras,3,fallido,1,0,patron_posicion,0,0,12.0,0
2026-10-26T14:23:43.682Z,Pudú Genial 69,1-3,patron_figuras,2,fallido,1,0,generico,0,1,10.3,0
2026-10-26T14:23:55.470Z,Pudú Genial 69,1-3,patron_numerico,2,con_ayuda,2,0,generico,0,1,11.8,5
2026-10-26T14:24:09.630Z,Pudú Genial 69,1-3,patron_figuras,2,fallido,1,0,generico,0,0,14.2,0
2026-10-26T14:24:21.909Z,Pudú Genial 69,1-3,patron_figuras,1,logrado,1,0,,0,1,12.3,6
2026-10-26T14:24:26.409Z,Pudú Genial 69,1-3,patron_figuras,1,perfecto,1,0,,0,0,4.5,10
2026-10-26T14:24:34.934Z,Pudú Genial 69,1-3,patron_numerico,2,perfecto,1,0,,0,0,8.5,30
2026-10-26T14:24:58.750Z,Pudú Genial 69,1-3,patron_figuras,2,fallido,1,0,patron_repite_ultimo,0,0,23.8,0
2026-10-26T14:25:15.161Z,Pudú Genial 69,1-3,patron_figuras,2,perfecto,1,0,,0,0,16.4,20
2026-10-26T14:35:46.603Z,Pudú Genial 69,1-4,registrar,1,fallido,2,0,generico,0,0,31.4,0
2026-10-26T14:36:10.523Z,Pudú Genial 69,1-4,registrar,1,con_ayuda,2,0,generico,0,0,23.9,3
2026-10-26T14:36:27.150Z,Pudú Genial 69,1-4,registrar,1,con_ayuda,2,0,generico,0,0,16.6,3
2026-10-26T14:37:08.051Z,Pudú Genial 69,1-4,registrar,1,con_ayuda,2,0,generico,0,0,40.9,3
2026-10-26T14:37:20.898Z,Pudú Genial 69,1-4,registrar,1,perfecto,1,0,,0,0,12.8,10
2026-10-26T14:37:45.793Z,Pudú Genial 69,1-4,registrar,1,perfecto,1,0,,0,0,24.9,10
2026-10-26T14:38:12.987Z,Pudú Genial 69,1-4,registrar,2,con_ayuda,2,0,generico,0,0,27.2,5
2026-10-26T14:38:37.408Z,Pudú Genial 69,1-4,registrar,2,perfecto,1,0,,0,0,24.4,20
2026-10-26T14:38:47.709Z,Pudú Genial 69,1-4,registrar,2,perfecto,1,0,,0,0,10.3,20
2026-10-26T14:39:38.624Z,Pudú Genial 69,1-4,registrar,3,con_ayuda,2,0,generico,0,0,50.9,8
2026-10-26T14:40:11.201Z,Pudú Genial 69,1-4,registrar,3,con_ayuda,2,0,generico,0,0,32.6,8
2026-10-26T14:40:24.297Z,Pudú Genial 69,1-4,registrar,3,con_ayuda,2,0,generico,0,0,13.1,8
2026-10-26T14:40:28.600Z,Pudú Genial 69,1-4,registrar,3,perfecto,1,0,,0,0,4.3,30
2026-10-26T14:40:50.832Z,Pudú Genial 69,1-4,registrar,3,perfecto,1,0,,0,0,22.2,30
2026-10-26T14:41:18.281Z,Pudú Genial 69,1-4,registrar,4,fallido,2,0,generico,0,0,27.4,0
2026-10-26T14:41:52.314Z,Pudú Genial 69,1-4,registrar,4,con_ayuda,2,0,generico,0,0,34.0,10
2026-10-26T14:42:06.369Z,Pudú Genial 69,1-4,registrar,4,perfecto,1,0,,0,0,14.1,40
2026-10-26T14:42:41.871Z,Pudú Genial 69,1-4,registrar,4,fallido,2,0,generico,0,0,35.5,0
2026-10-26T14:42:58.454Z,Pudú Genial 69,1-4,registrar,4,perfecto,1,0,,0,0,16.6,40
2026-10-26T14:43:47.358Z,Pudú Genial 69,1-4,registrar,4,fallido,2,0,generico,0,0,48.9,0
2026-10-26T14:44:29.656Z,Pudú Genial 69,1-4,registrar,4,fallido,2,0,generico,0,0,42.3,0
2026-10-26T14:44:36.675Z,Pudú Genial 69,1-4,registrar,3,logrado,1,0,,0,1,7.0,18
2026-10-26T14:44:45.510Z,Pudú Genial 69,1-4,registrar,3,con_ayuda,2,0,generico,0,0,8.8,8
2026-10-26T14:45:03.367Z,Pudú Genial 69,1-4,registrar,3,perfecto,1,0,,0,0,17.9,30
2026-10-28T14:55:25.320Z,Pudú Genial 69,1-J,inclinacion,3,perfecto,1,0,,0,0,22.0,30
2026-10-28T14:55:41.929Z,Pudú Genial 69,1-J,patron_figuras,3,perfecto,1,0,,0,0,16.6,45
2026-10-28T14:55:56.724Z,Pudú Genial 69,1-J,inclinacion,4,perfecto,1,0,,0,0,14.8,60
2026-10-28T14:56:20.057Z,Pudú Genial 69,1-J,patron_numerico,4,fallido,2,0,generico,0,0,23.3,0
2026-10-28T14:56:26.612Z,Pudú Genial 69,1-J,equilibrar,4,perfecto,1,0,,0,0,6.6,40
2026-10-28T14:56:30.077Z,Pudú Genial 69,1-J,inclinacion,4,fallido,1,0,direccion_opuesta,0,0,3.5,0
2026-10-28T14:56:59.905Z,Pudú Genial 69,1-J,equilibrar,4,logrado,2,0,muy_liviana,0,0,29.8,24
2026-10-28T14:57:25.628Z,Pudú Genial 69,1-J,registrar,4,con_ayuda,2,0,generico,0,0,25.7,10
2026-10-28T14:57:36.793Z,Pudú Genial 69,1-J,equilibrar,4,logrado,2,0,muy_liviana,0,0,11.2,24
2026-10-28T14:57:59.644Z,Pudú Genial 69,1-J,patron_figuras,4,fallido,1,0,patron_nucleo_corto,0,0,22.9,0
2026-10-28T14:58:18.964Z,Pudú Genial 69,1-J,inclinacion,4,fallido,1,0,direccion_opuesta,0,0,19.3,0
2026-10-28T14:58:55.897Z,Pudú Genial 69,1-J,patron_numerico,3,fallido,2,0,generico,0,1,36.9,0
2026-10-28T15:00:10.639Z,Pudú Genial 69,1-J,equilibrar,3,con_ayuda,3,0,muy_liviana,0,1,74.7,8
2026-10-28T15:00:22.663Z,Pudú Genial 69,1-J,inclinacion,3,fallido,1,0,desequilibrio_falso,0,0,12.0,0
2026-10-28T15:00:47.172Z,Pudú Genial 69,1-J,equilibrar,2,con_ayuda,3,0,resultado_del_otro_lado,0,1,24.5,5
2026-10-28T15:00:53.721Z,Pudú Genial 69,1-J,patron_figuras,2,fallido,1,0,generico,0,0,6.5,0
2026-10-28T15:01:28.340Z,Pudú Genial 69,1-J,registrar,2,fallido,2,0,generico,0,0,34.6,0
2026-10-28T15:02:32.845Z,Pudú Genial 69,1-J,equilibrar,2,con_ayuda,3,0,resultado_del_otro_lado,0,1,64.5,5
2026-10-28T15:02:55.830Z,Pudú Genial 69,1-J,inclinacion,2,perfecto,1,0,,0,0,23.0,20
2026-10-28T15:03:23.310Z,Pudú Genial 69,1-J,patron_figuras,2,perfecto,1,0,,0,0,27.5,20
2026-10-28T15:03:27.392Z,Pudú Genial 69,1-J,registrar,3,perfecto,1,0,,0,0,4.1,45
2026-10-28T15:03:33.694Z,Pudú Genial 69,1-J,patron_numerico,3,perfecto,1,0,,0,0,6.3,45
2026-10-29T15:13:39.606Z,Puma Mágico 96,1-1,inclinacion,1,perfecto,1,0,,0,0,5.9,10
2026-10-29T15:14:06.194Z,Puma Mágico 96,1-1,inclinacion,1,perfecto,1,0,,0,0,26.6,10
2026-10-29T15:14:13.156Z,Puma Mágico 96,1-1,inclinacion,2,perfecto,1,0,,0,0,7.0,30
2026-10-29T15:14:29.401Z,Puma Mágico 96,1-1,inclinacion,2,fallido,1,0,desequilibrio_falso,0,0,16.2,0
2026-10-29T15:14:45.610Z,Puma Mágico 96,1-1,inclinacion,2,perfecto,1,0,,0,0,16.2,20
2026-10-29T15:14:50.757Z,Puma Mágico 96,1-1,inclinacion,2,perfecto,1,0,,0,0,5.1,20
2026-10-29T15:15:13.831Z,Puma Mágico 96,1-1,inclinacion,3,perfecto,1,0,,0,0,23.1,45
2026-10-29T15:15:26.881Z,Puma Mágico 96,1-1,inclinacion,3,perfecto,1,0,,0,0,13.1,45
2026-10-29T15:15:54.034Z,Puma Mágico 96,1-1,inclinacion,4,perfecto,1,0,,0,0,27.2,80
2026-10-29T15:15:59.703Z,Puma Mágico 96,1-1,inclinacion,4,perfecto,1,0,,0,0,5.7,80
2026-10-29T15:16:07.810Z,Puma Mágico 96,1-1,inclinacion,5,perfecto,1,0,,1,0,8.1,100
2026-10-29T15:26:25.159Z,Puma Mágico 96,1-2,equilibrar,1,perfecto,1,0,,0,0,17.3,20
2026-10-29T15:26:42.595Z,Puma Mágico 96,1-2,equilibrar,1,perfecto,1,0,,0,0,17.4,20
2026-10-29T15:27:10.500Z,Puma Mágico 96,1-2,equilibrar,2,perfecto,1,0,,0,0,27.9,60
2026-10-29T15:27:23.053Z,Puma Mágico 96,1-2,equilibrar,2,perfecto,1,0,,0,0,12.6,60
2026-10-29T15:27:46.720Z,Puma Mágico 96,1-2,equilibrar,3,logrado,2,0,muy_liviana,0,0,23.7,54
2026-10-29T15:27:59.409Z,Puma Mágico 96,1-2,equilibrar,3,perfecto,1,0,,0,0,12.7,90
2026-10-29T15:28:29.765Z,Puma Mágico 96,1-2,equilibrar,4,logrado,2,0,muy_liviana,0,0,30.4,72
2026-10-29T15:28:41.110Z,Puma Mágico 96,1-2,equilibrar,4,perfecto,1,0,,0,0,11.3,120
2026-10-29T15:29:07.527Z,Puma Mágico 96,1-2,equilibrar,5,perfecto,1,0,,0,0,26.4,150
2026-10-29T15:29:16.455Z,Puma Mágico 96,1-2,equilibrar,5,perfecto,1,0,,0,0,8.9,150
2026-10-29T15:39:22.002Z,Puma Mágico 96,1-3,patron_figuras,1,perfecto,1,0,,0,0,5.5,30
2026-10-29T15:39:34.258Z,Puma Mágico 96,1-3,patron_numerico,1,perfecto,1,0,,0,0,12.3,30
2026-10-29T15:40:06.753Z,Puma Mágico 96,1-3,patron_numerico,2,con_ayuda,2,0,generico,0,0,32.5,5
2026-10-29T15:40:13.815Z,Puma Mágico 96,1-3,patron_figuras,2,perfecto,1,0,,0,0,7.1,20
2026-10-29T15:40:41.566Z,Puma Mágico 96,1-3,patron_figuras,2,perfecto,1,0,,0,0,27.8,20
2026-10-29T15:40:46.981Z,Puma Mágico 96,1-3,patron_figuras,3,perfecto,1,0,,0,0,5.4,45
2026-10-29T15:40:57.126Z,Puma Mágico 96,1-3,patron_numerico,3,perfecto,1,0,,0,0,10.1,45
2026-10-29T15:41:19.999Z,Puma Mágico 96,1-3,patron_figuras,4,perfecto,1,0,,0,0,22.9,80
2026-10-29T15:41:52.315Z,Puma Mágico 96,1-3,patron_numerico,4,con_ayuda,2,0,generico,0,0,32.3,10
2026-10-29T15:42:09.884Z,Puma Mágico 96,1-3,patron_figuras,4,perfecto,1,0,,0,0,17.6,40
2026-10-29T15:42:21.309Z,Puma Mágico 96,1-3,patron_numerico,4,perfecto,1,0,,0,0,11.4,40
2026-10-29T15:42:31.333Z,Puma Mágico 96,1-3,patron_figuras,5,perfecto,1,0,,0,0,10.0,75
2026-10-29T15:52:49.900Z,Puma Mágico 96,1-4,registrar,1,perfecto,1,0,,0,0,18.6,15
2026-10-29T15:52:53.229Z,Puma Mágico 96,1-4,registrar,1,perfecto,1,0,,0,0,3.3,20
2026-10-29T15:53:14.639Z,Puma Mágico 96,1-4,registrar,2,perfecto,1,0,,0,0,21.4,40
2026-10-29T15:53:33.731Z,Puma Mágico 96,1-4,registrar,2,perfecto,1,0,,0,0,19.1,40
2026-10-29T15:53:47.870Z,Puma Mágico 96,1-4,registrar,3,perfecto,1,0,,0,0,14.1,60
2026-10-29T15:54:38.816Z,Puma Mágico 96,1-4,registrar,3,con_ayuda,2,0,generico,0,0,50.9,8
2026-10-29T15:54:51.271Z,Puma Mágico 96,1-4,registrar,3,perfecto,1,0,,0,0,12.5,30
2026-10-29T15:55:11.988Z,Puma Mágico 96,1-4,registrar,3,perfecto,1,0,,0,0,20.7,30
2026-10-29T15:55:21.066Z,Puma Mágico 96,1-4,registrar,4,perfecto,1,0,,0,0,9.1,60
2026-10-29T15:55:48.965Z,Puma Mágico 96,1-4,registrar,4,perfecto,1,0,,0,0,27.9,60
2026-10-29T15:56:03.852Z,Puma Mágico 96,1-4,registrar,5,fallido,2,0,generico,0,0,14.9,0
2026-10-29T15:56:55.929Z,Puma Mágico 96,1-4,registrar,5,con_ayuda,2,0,generico,0,0,52.1,13
2026-10-29T15:57:18.313Z,Puma Mágico 96,1-4,registrar,5,perfecto,1,0,,0,0,22.4,50
2026-10-29T16:07:28.931Z,Puma Mágico 96,1-J,inclinacion,3,fallido,1,0,direccion_opuesta,0,0,10.6,0
2026-10-29T16:07:55.916Z,Puma Mágico 96,1-J,equilibrar,3,perfecto,1,0,,0,0,27.0,30
2026-10-29T16:08:15.816Z,Puma Mágico 96,1-J,patron_numerico,3,perfecto,1,0,,0,0,19.9,30
2026-10-29T16:08:34.642Z,Puma Mágico 96,1-J,registrar,4,perfecto,1,0,,0,0,18.8,60
2026-10-29T16:08:39.854Z,Puma Mágico 96,1-J,patron_figuras,4,perfecto,1,0,,0,0,5.2,60
2026-10-29T16:09:15.036Z,Puma Mágico 96,1-J,registrar,5,con_ayuda,2,0,generico,0,0,35.2,13
2026-10-29T16:09:41.671Z,Puma Mágico 96,1-J,inclinacion,5,perfecto,1,0,,1,0,26.6,50
2026-10-29T16:20:07.568Z,Puma Brillante 24,1-1,inclinacion,1,perfecto,1,0,,0,0,25.9,10
2026-10-29T16:20:21.067Z,Puma Brillante 24,1-1,inclinacion,1,perfecto,1,0,,0,0,13.5,10
2026-10-29T16:20:28.863Z,Puma Brillante 24,1-1,inclinacion,2,perfecto,1,0,,0,0,7.8,30
2026-10-29T16:20:48.120Z,Puma Brillante 24,1-1,inclinacion,2,fallido,1,0,direccion_opuesta,0,0,19.3,0
2026-10-29T16:21:11.966Z,Puma Brillante 24,1-1,inclinacion,2,fallido,1,0,desequilibrio_falso,0,0,23.8,0
2026-10-29T16:21:35.991Z,Puma Brillante 24,1-1,inclinacion,1,logrado,1,0,,0,1,24.0,6
2026-10-29T16:21:43.856Z,Puma Brillante 24,1-1,inclinacion,1,fallido,1,0,desequilibrio_falso,0,0,7.9,0
2026-10-29T16:21:53.160Z,Puma Brillante 24,1-1,inclinacion,1,perfecto,1,0,,0,0,9.3,10
2026-10-29T16:21:57.732Z,Puma Brillante 24,1-1,inclinacion,1,perfecto,1,0,,0,0,4.6,10
2026-10-29T16:22:21.211Z,Puma Brillante 24,1-1,inclinacion,2,perfecto,1,0,,0,0,23.5,30
2026-10-29T16:22:24.995Z,Puma Brillante 24,1-1,inclinacion,2,fallido,1,0,desequilibrio_falso,0,0,3.8,0
2026-10-29T16:22:35.855Z,Puma Brillante 24,1-1,inclinacion,2,logrado,1,1,,0,0,10.9,12
2026-10-29T16:23:03.668Z,Puma Brillante 24,1-1,inclinacion,2,perfecto,1,0,,0,0,27.8,20
2026-10-29T16:23:26.076Z,Puma Brillante 24,1-1,inclinacion,3,perfecto,1,0,,0,0,22.4,45
2026-10-30T16:33:39.490Z,Puma Brillante 24,1-2,equilibrar,1,perfecto,1,0,,0,0,13.4,15
2026-10-30T16:33:59.698Z,Puma Brillante 24,1-2,equilibrar,1,perfecto,1,0,,0,0,20.2,20
2026-10-30T16:34:23.643Z,Puma Brillante 24,1-2,equilibrar,2,perfecto,1,0,,0,0,23.9,40
2026-10-30T16:34:33.525Z,Puma Brillante 24,1-2,equilibrar,2,perfecto,1,0,,0,0,9.9,40
2026-10-30T16:35:07.799Z,Puma Brillante 24,1-2,equilibrar,3,logrado,2,0,muy_liviana,0,0,34.3,36
2026-10-30T16:35:33.443Z,Puma Brillante 24,1-2,equilibrar,3,perfecto,1,0,,0,0,25.6,60
2026-10-30T16:35:46.396Z,Puma Brillante 24,1-2,equilibrar,4,perfecto,1,0,,0,0,13.0,120
2026-10-30T16:36:10.495Z,Puma Brillante 24,1-2,equilibrar,4,con_ayuda,3,0,muy_liviana,0,0,24.1,10
2026-10-30T16:36:37.425Z,Puma Brillante 24,1-2,equilibrar,4,perfecto,1,0,,0,0,26.9,40
2026-10-30T16:37:13.115Z,Puma Brillante 24,1-2,equilibrar,4,con_ayuda,3,0,muy_liviana,0,0,35.7,10
2026-10-30T16:37:47.549Z,Puma Brillante 24,1-2,equilibrar,4,con_ayuda,3,0,muy_liviana,0,0,34.4,10
2026-10-30T16:38:12.096Z,Puma Brillante 24,1-2,equilibrar,4,perfecto,1,0,,0,0,24.5,40
2026-10-30T16:39:14.037Z,Puma Brillante 24,1-2,equilibrar,4,con_ayuda,3,0,muy_liviana,0,0,61.9,10
2026-10-30T16:39:49.789Z,Puma Brillante 24,1-2,equilibrar,4,logrado,2,0,muy_liviana,0,0,35.8,24
2026-10-30T16:50:11.947Z,Puma Brillante 24,1-3,patron_figuras,1,perfecto,1,0,,0,0,22.2,10
2026-10-30T16:50:35.752Z,Puma Brillante 24,1-3,patron_numerico,1,con_ayuda,2,0,generico,0,0,23.8,3
2026-10-30T16:51:02.197Z,Puma Brillante 24,1-3,patron_numerico,1,perfecto,1,0,,0,0,26.4,10
2026-10-30T16:51:25.930Z,Puma Brillante 24,1-3,patron_figuras,1,perfecto,1,0,,0,0,23.7,10
2026-10-30T16:51:40.924Z,Puma Brillante 24,1-3,patron_figuras,2,perfecto,1,0,,0,0,15.0,30
2026-10-30T16:51:52.630Z,Puma Brillante 24,1-3,patron_numerico,2,perfecto,1,0,,0,0,11.7,30
2026-10-30T16:52:07.582Z,Puma Brillante 24,1-3,patron_numerico,3,perfecto,1,0,,0,0,15.0,60
2026-10-30T16:52:27.827Z,Puma Brillante 24,1-3,patron_numerico,3,fallido,2,0,generico,0,0,20.2,0
2026-10-30T16:52:52.626Z,Puma Brillante 24,1-3,patron_numerico,3,perfecto,1,0,,0,0,24.8,30
2026-10-30T16:53:19.740Z,Puma Brillante 24,1-3,patron_figuras,3,perfecto,1,0,,0,0,27.1,30
2026-10-30T16:53:27.328Z,Puma Brillante 24,1-3,patron_numerico,4,perfecto,1,0,,0,0,7.6,60
2026-10-30T16:53:50.227Z,Puma Brillante 24,1-3,patron_numerico,4,con_ayuda,2,0,generico,0,0,22.9,10
2026-10-30T16:54:35.189Z,Puma Brillante 24,1-3,patron_numerico,4,fallido,2,0,generico,0,0,45.0,0
2026-10-30T16:54:40.939Z,Puma Brillante 24,1-3,patron_figuras,4,perfecto,1,0,,0,0,5.8,40
2026-10-30T17:05:14.543Z,Puma Brillante 24,1-4,registrar,1,con_ayuda,2,0,generico,0,0,33.6,3
2026-10-30T17:05:28.730Z,Puma Brillante 24,1-4,registrar,1,perfecto,1,0,,0,0,14.2,10
2026-10-30T17:05:35.371Z,Puma Brillante 24,1-4,registrar,1,perfecto,1,0,,0,0,6.6,10
2026-10-30T17:05:44.397Z,Puma Brillante 24,1-4,registrar,2,perfecto,1,0,,0,0,9.0,30
2026-10-30T17:06:11.378Z,Puma Brillante 24,1-4,registrar,2,perfecto,1,0,,0,0,27.0,30
2026-10-30T17:06:41.613Z,Puma Brillante 24,1-4,registrar,3,con_ayuda,2,0,generico,0,0,30.2,8
2026-10-30T17:07:09.029Z,Puma Brillante 24,1-4,registrar,3,perfecto,1,0,,0,0,27.4,30
2026-10-30T17:07:24.645Z,Puma Brillante 24,1-4,registrar,3,perfecto,1,0,,0,0,15.6,30
2026-10-30T17:07:56.186Z,Puma Brillante 24,1-4,registrar,4,con_ayuda,2,0,generico,0,0,31.5,10
2026-10-30T17:08:05.609Z,Puma Brillante 24,1-4,registrar,4,perfecto,1,0,,0,0,9.4,40
2026-10-30T17:08:11.568Z,Puma Brillante 24,1-4,registrar,4,perfecto,1,0,,0,0,6.0,40
2026-10-30T17:08:14.720Z,Puma Brillante 24,1-4,registrar,5,perfecto,1,0,,0,0,3.2,75
2026-10-30T17:08:31.348Z,Puma Brillante 24,1-4,registrar,5,perfecto,1,0,,0,0,16.6,75
2026-11-01T17:18:56.653Z,Puma Brillante 24,1-J,equilibrar,3,con_ayuda,3,0,muy_liviana,0,0,25.3,8
2026-11-01T17:19:13.235Z,Puma Brillante 24,1-J,registrar,3,perfecto,1,0,,0,0,16.6,30
2026-11-01T17:19:39.677Z,Puma Brillante 24,1-J,patron_figuras,3,perfecto,1,0,,0,0,26.4,30
2026-11-01T17:20:18.370Z,Puma Brillante 24,1-J,equilibrar,4,logrado,2,0,muy_liviana,0,0,38.7,36
2026-11-01T17:20:38.837Z,Puma Brillante 24,1-J,inclinacion,4,fallido,1,0,direccion_opuesta,0,0,20.5,0
2026-11-01T17:21:08.880Z,Puma Brillante 24,1-J,registrar,4,fallido,2,0,generico,0,0,30.0,0
2026-11-01T17:21:28.830Z,Puma Brillante 24,1-J,inclinacion,3,logrado,1,0,,0,1,19.9,18
2026-11-01T17:22:13.277Z,Puma Brillante 24,1-J,equilibrar,3,con_ayuda,3,0,muy_liviana,0,0,44.4,8
2026-11-01T17:22:24.730Z,Puma Brillante 24,1-J,patron_figuras,3,fallido,1,0,generico,0,0,11.5,0
2026-11-01T17:22:31.916Z,Puma Brillante 24,1-J,inclinacion,3,fallido,1,0,direccion_opuesta,0,0,7.2,0
2026-11-01T17:22:37.739Z,Puma Brillante 24,1-J,patron_figuras,2,logrado,1,0,,0,1,5.8,12
2026-11-01T17:22:47.079Z,Puma Brillante 24,1-J,equilibrar,2,perfecto,1,0,,0,0,9.3,20
2026-11-01T17:23:05.251Z,Puma Brillante 24,1-J,patron_numerico,3,con_ayuda,2,0,generico,0,0,18.2,8
2026-11-01T17:23:15.692Z,Puma Brillante 24,1-J,registrar,3,perfecto,1,0,,0,0,10.4,30
2026-11-01T17:23:41.105Z,Puma Brillante 24,1-J,inclinacion,3,perfecto,1,0,,0,0,25.4,30
2026-11-01T17:24:11.947Z,Puma Brillante 24,1-J,registrar,4,con_ayuda,2,0,generico,0,0,30.8,10
2026-11-01T17:24:33.214Z,Puma Brillante 24,1-J,inclinacion,4,perfecto,1,0,,0,0,21.3,40
